year,country_code,country,commodity_code,commodity_description,net_weight_kg,import_value_usd,sector,product_group,avg_price_usd_kg,population,gdp_per_capita,import_value_usd_per_capita,net_weight_kg_per_capita
2020,AUT,Austria,901,"Coffee, whether or not roasted or decaffeinated; husks and skins; coffee substitutes containing coffee in any proportion",62278914.151,424973656.52,Coffee,Coffee total,6.823716538949584,8916864.0,48716.4098900349,47.6595422471398,6.9843965491679585
2020,BEL,Belgium,901,"Coffee, whether or not roasted or decaffeinated; husks and skins; coffee substitutes containing coffee in any proportion",173779219.44,608048981.644,Coffee,Coffee total,3.4989740637771622,11538604.0,45906.2875805246,52.69692777774504,15.06067973560753
2020,BGR,Bulgaria,901,"Coffee, whether or not roasted or decaffeinated; husks and skins; coffee substitutes containing coffee in any proportion",39984499.0,131309216.319,Coffee,Coffee total,3.284003041253562,6550696.0,10760.211975413,20.045078617447675,6.1038550712779225
2020,AUT,Austria,1801,"Cocoa beans; whole or broken, raw or roasted",26589973.791,73874465.103,Cocoa,Cocoa beans,2.7782827348255807,8916864.0,48716.4098900349,8.2848033908558,2.9819871415555963
2020,BEL,Belgium,1801,"Cocoa beans; whole or broken, raw or roasted",81242822.13,232573368.816,Cocoa,Cocoa beans,2.8626943614027804,11538604.0,45906.2875805246,20.156109769951374,7.040957652242853
2020,BGR,Bulgaria,1801,"Cocoa beans; whole or broken, raw or roasted",16728809.0,41069493.896,Cocoa,Cocoa beans,2.455016008372144,6550696.0,10760.211975413,6.269485547184604,2.553745281417425
2020,AUT,Austria,1806,Chocolate and other food preparations containing cocoa,87091643.013,486270717.172,Cocoa,Chocolate and cocoa preparations,5.583437174326994,8916864.0,48716.4098900349,54.53382682207556,9.767070913383899
2020,BEL,Belgium,1806,Chocolate and other food preparations containing cocoa,185989483.35,821056994.838,Cocoa,Chocolate and cocoa preparations,4.414534521249855,11538604.0,45906.2875805246,71.15739432933135,16.11888954244378
2020,BGR,Bulgaria,1806,Chocolate and other food preparations containing cocoa,38450359.0,187363679.198,Cocoa,Chocolate and cocoa preparations,4.872872037371615,6550696.0,10760.211975413,28.602102615966306,5.869660109399062
2020,HRV,Croatia,901,"Coffee, whether or not roasted or decaffeinated; husks and skins; coffee substitutes containing coffee in any proportion",21016462.379,71870225.0,Coffee,Coffee total,3.4197108773079683,3914206.0,14807.5608543265,18.361380315701318,5.369278566074448
2020,CYP,Cyprus,901,"Coffee, whether or not roasted or decaffeinated; husks and skins; coffee substitutes containing coffee in any proportion",3354628.0,23433877.94,Coffee,Coffee total,6.985536977572476,1302247.0,28130.341796875,17.994956363884885,2.5760305072693583
2020,CZE,Czechia,901,"Coffee, whether or not roasted or decaffeinated; husks and skins; coffee substitutes containing coffee in any proportion",56663014.081,269787764.0,Coffee,Coffee total,4.761267440068354,10697858.0,23472.8915454417,25.218858205072454,5.296669116471727
2020,DNK,Denmark,901,"Coffee, whether or not roasted or decaffeinated; husks and skins; coffee substitutes containing coffee in any proportion",35945472.0,170270509.089,Coffee,Coffee total,4.73691120508864,5831404.0,60985.4885601514,29.198887453004453,6.164119652831462
2020,HRV,Croatia,1801,"Cocoa beans; whole or broken, raw or roasted",1770818.45,5143662.0,Cocoa,Cocoa beans,2.9046806012214295,3914206.0,14807.5608543265,1.3141009951954497,0.4524080873617791
2020,CYP,Cyprus,1801,"Cocoa beans; whole or broken, raw or roasted",2012.0,7090.753,Cocoa,Cocoa beans,3.5242311133200794,1302247.0,28130.341796875,0.005445013887534393,0.001545021796940212
2020,CZE,Czechia,1801,"Cocoa beans; whole or broken, raw or roasted",121206.11,640448.0,Cocoa,Cocoa beans,5.2839580446893315,10697858.0,23472.8915454417,0.059866937848679615,0.011329941937909439
2020,DNK,Denmark,1801,"Cocoa beans; whole or broken, raw or roasted",773191.0,2288382.607,Cocoa,Cocoa beans,2.959660170643476,5831404.0,60985.4885601514,0.3924239526193006,0.1325908820585917
2020,HRV,Croatia,1806,Chocolate and other food preparations containing cocoa,40939568.046,178109170.0,Cocoa,Chocolate and cocoa preparations,4.350538574317033,3914206.0,14807.5608543265,45.503269373150005,10.459226736150319
2020,CYP,Cyprus,1806,Chocolate and other food preparations containing cocoa,5407963.0,31617004.119,Cocoa,Chocolate and cocoa preparations,5.846379518314012,1302247.0,28130.341796875,24.278807414415237,4.152793594456352
2020,CZE,Czechia,1806,Chocolate and other food preparations containing cocoa,86410606.334,399217404.0,Cocoa,Chocolate and cocoa preparations,4.620004660734799,10697858.0,23472.8915454417,37.31750823389131,8.077374586015257
2020,DNK,Denmark,1806,Chocolate and other food preparations containing cocoa,52755422.095,328627503.756,Cocoa,Chocolate and cocoa preparations,6.229264987477872,5831404.0,60985.4885601514,56.35478244278736,9.046778802326163
2020,EST,Estonia,901,"Coffee, whether or not roasted or decaffeinated; husks and skins; coffee substitutes containing coffee in any proportion",6888500.889,42143267.2,Coffee,Coffee total,6.117915621858606,1329522.0,23933.9939421065,31.698059302516246,5.181186087180205
2020,FIN,Finland,901,"Coffee, whether or not roasted or decaffeinated; husks and skins; coffee substitutes containing coffee in any proportion",71410759.103,261491310.572,Coffee,Coffee total,3.661791498320799,5529543.0,48828.6846862799,47.28985931965806,12.914405241626659
2020,FRA,France,901,"Coffee, whether or not roasted or decaffeinated; husks and skins; coffee substitutes containing coffee in any proportion",386427149.295,2892373125.269,Coffee,Coffee total,7.484911788796058,67601110.0,39169.8606000707,42.785882144080176,5.716284086089711
2020,EST,Estonia,1801,"Cocoa beans; whole or broken, raw or roasted",13497202.063,32769500.68,Cocoa,Cocoa beans,2.4278736086963777,1329522.0,23933.9939421065,24.64758061919998,10.151920812893655
2020,FIN,Finland,1801,"Cocoa beans; whole or broken, raw or roasted",32822.798,210891.643,Cocoa,Cocoa beans,6.425157386033939,5529543.0,48828.6846862799,0.038139072794985046,0.005935897053336958
2020,FRA,France,1801,"Cocoa beans; whole or broken, raw or roasted",159482781.658,455938204.68,Cocoa,Cocoa beans,2.8588553569232857,67601110.0,39169.8606000707,6.744537252125002,2.3591740085037065
2020,EST,Estonia,1806,Chocolate and other food preparations containing cocoa,8973552.355,50289987.14,Cocoa,Chocolate and cocoa preparations,5.604245136206151,1329522.0,23933.9939421065,37.825614875120536,6.7494575907732255
2020,FIN,Finland,1806,Chocolate and other food preparations containing cocoa,26095267.109,151467806.297,Cocoa,Chocolate and cocoa preparations,5.804416780419168,5529543.0,48828.6846862799,27.392463770875818,4.719244810827948
2020,FRA,France,1806,Chocolate and other food preparations containing cocoa,464681224.694,2220138746.735,Cocoa,Chocolate and cocoa preparations,4.777767270879078,67601110.0,39169.8606000707,32.841749887464864,6.873869744061895
2020,DEU,Germany,901,"Coffee, whether or not roasted or decaffeinated; husks and skins; coffee substitutes containing coffee in any proportion",1175978126.89,3386437527.32,Coffee,Coffee total,2.8796773085191614,83160871.0,47394.8734504469,40.72152547945295,14.141003007171488
2020,GRC,Greece,901,"Coffee, whether or not roasted or decaffeinated; husks and skins; coffee substitutes containing coffee in any proportion",48610183.0,232364401.1,Coffee,Coffee total,4.780158945297531,10698599.0,17886.733165236,21.7191429550729,4.543602671714305
2020,DEU,Germany,1801,"Cocoa beans; whole or broken, raw or roasted",292051175.764,787587177.625,Cocoa,Cocoa beans,2.696743731863732,83160871.0,47394.8734504469,9.470646088170481,3.5118821177810897
2020,GRC,Greece,1801,"Cocoa beans; whole or broken, raw or roasted",3558380.0,9848752.913,Cocoa,Cocoa beans,2.7677631149568063,10698599.0,17886.733165236,0.9205647312325661,0.3326024276636595
2020,DEU,Germany,1806,Chocolate and other food preparations containing cocoa,502737789.676,2460528099.251,Cocoa,Chocolate and cocoa preparations,4.8942573042634,83160871.0,47394.8734504469,29.58757008751147,6.045364648429428
2020,GRC,Greece,1806,Chocolate and other food preparations containing cocoa,29361907.641,126604644.819,Cocoa,Chocolate and cocoa preparations,4.311867143203375,10698599.0,17886.733165236,11.833759244458083,2.744462862941213
2020,HUN,Hungary,901,"Coffee, whether or not roasted or decaffeinated; husks and skins; coffee substitutes containing coffee in any proportion",0.0,112181611.0,Coffee,Coffee total,,9670419.0,16386.9308821258,11.600491250689345,0.0
2020,IRL,Ireland,901,"Coffee, whether or not roasted or decaffeinated; husks and skins; coffee substitutes containing coffee in any proportion",26742860.728,110637926.912,Coffee,Coffee total,4.13710141324414,5039747.0,86514.0706108754,21.953071634746745,5.306389532649159
2020,ITA,Italy,901,"Coffee, whether or not roasted or decaffeinated; husks and skins; coffee substitutes containing coffee in any proportion",591470164.0,1515839584.926,Coffee,Coffee total,2.5628335581201016,59438851.0,32091.4866621366,25.50250483351369,9.950901709052216
2020,LVA,Latvia,901,"Coffee, whether or not roasted or decaffeinated; husks and skins; coffee substitutes containing coffee in any proportion",11296730.311,71761226.102,Coffee,Coffee total,6.352389065367323,1900449.0,17564.2321549354,37.76014305145784,5.944242813671927
2020,LTU,Lithuania,901,"Coffee, whether or not roasted or decaffeinated; husks and skins; coffee substitutes containing coffee in any proportion",21110447.765,133355919.0,Coffee,Coffee total,6.317057813482148,2810369.0,20428.6478157394,47.451391258585616,7.511628460533119
2020,LUX,Luxembourg,901,"Coffee, whether or not roasted or decaffeinated; husks and skins; coffee substitutes containing coffee in any proportion",16756088.965,113295161.657,Coffee,Coffee total,6.761432330280064,630419.0,116860.02817236,179.714065814958,26.579289274276313
2020,MLT,Malta,901,"Coffee, whether or not roasted or decaffeinated; husks and skins; coffee substitutes containing coffee in any proportion",1096467.0,5567119.272,Coffee,Coffee total,5.077324964636419,515490.0,31823.4363934505,10.799664924634813,2.127038351859396
2020,HUN,Hungary,1801,"Cocoa beans; whole or broken, raw or roasted",7281.0,52334.0,Cocoa,Cocoa beans,7.1877489355857715,9670419.0,16386.9308821258,0.005411761372490685,0.0007529146358601421
2020,IRL,Ireland,1801,"Cocoa beans; whole or broken, raw or roasted",40501.0,735899.75,Cocoa,Cocoa beans,18.169915557640554,5039747.0,86514.0706108754,0.1460191850900452,0.0080363161087253
2020,ITA,Italy,1801,"Cocoa beans; whole or broken, raw or roasted",99518871.0,302487720.992,Cocoa,Cocoa beans,3.0395011313180995,59438851.0,32091.4866621366,5.089057340492668,1.6743067762194797
2020,LVA,Latvia,1801,"Cocoa beans; whole or broken, raw or roasted",3428.0,28047.767,Cocoa,Cocoa beans,8.18196236872812,1900449.0,17564.2321549354,0.014758494966189568,0.0018037842636134933
2020,LTU,Lithuania,1801,"Cocoa beans; whole or broken, raw or roasted",1144078.29,1081624.0,Cocoa,Cocoa beans,0.9454108249882095,2810369.0,20428.6478157394,0.38486903321236465,0.4070918409646563
2020,LUX,Luxembourg,1801,"Cocoa beans; whole or broken, raw or roasted",4708.709,57541.539,Cocoa,Cocoa beans,12.220236799513412,630419.0,116860.02817236,0.09127507102419184,0.007469173676554799
2020,MLT,Malta,1801,"Cocoa beans; whole or broken, raw or roasted",307.0,5160.442,Cocoa,Cocoa beans,16.809257328990228,515490.0,31823.4363934505,0.010010750936002639,0.000595549865176822
2020,HUN,Hungary,1806,Chocolate and other food preparations containing cocoa,0.0,303876558.0,Cocoa,Chocolate and cocoa preparations,,9670419.0,16386.9308821258,31.423308338552857,0.0
2020,IRL,Ireland,1806,Chocolate and other food preparations containing cocoa,91731926.71,410010309.456,Cocoa,Chocolate and cocoa preparations,4.469657666214738,5039747.0,86514.0706108754,81.35533578491142,18.20169280521423
2020,ITA,Italy,1806,Chocolate and other food preparations containing cocoa,121921612.323,632473131.078,Cocoa,Chocolate and cocoa preparations,5.187539100142679,59438851.0,32091.4866621366,10.640736158880324,2.0512107867461973
2020,LVA,Latvia,1806,Chocolate and other food preparations containing cocoa,15587672.012,71672512.873,Cocoa,Chocolate and cocoa preparations,4.598025466395732,1900449.0,17564.2321549354,37.71346290955453,8.202099615406675
2020,LTU,Lithuania,1806,Chocolate and other food preparations containing cocoa,33283519.619,133033034.0,Cocoa,Chocolate and cocoa preparations,3.9969641288794975,2810369.0,20428.6478157394,47.33650065169378,11.843113704641633
2020,LUX,Luxembourg,1806,Chocolate and other food preparations containing cocoa,7117835.561,68425164.204,Cocoa,Chocolate and cocoa preparations,9.613198228252804,630419.0,116860.02817236,108.53918458041397,11.29064251077458
2020,MLT,Malta,1806,Chocolate and other food preparations containing cocoa,3280727.0,21452792.662,Cocoa,Chocolate and cocoa preparations,6.5390362142293466,515490.0,31823.4363934505,41.61631197889387,6.364288347009642
2020,NLD,Netherlands,901,"Coffee, whether or not roasted or decaffeinated; husks and skins; coffee substitutes containing coffee in any proportion",259872797.682,1188565545.976,Coffee,Coffee total,4.573643553991436,17441500.0,53467.9277413737,68.14583298317233,14.899681660522319
2020,POL,Poland,901,"Coffee, whether or not roasted or decaffeinated; husks and skins; coffee substitutes containing coffee in any proportion",188221003.629,648534517.0,Coffee,Coffee total,3.4456012054760796,37515748.0,16150.9304813473,17.286994171087834,5.017119840686637
2020,PRT,Portugal,901,"Coffee, whether or not roasted or decaffeinated; husks and skins; coffee substitutes containing coffee in any proportion",56161590.959,260961378.458,Coffee,Coffee total,4.646616557720227,10297081.0,22299.4044062173,25.343238385519157,5.454127335601225
2020,ROU,Romania,901,"Coffee, whether or not roasted or decaffeinated; husks and skins; coffee substitutes containing coffee in any proportion",58755404.256,270012220.39,Coffee,Coffee total,4.595529956930333,19265250.0,13009.1770573223,14.01550565863407,3.0498127071281194
2020,NLD,Netherlands,1801,"Cocoa beans; whole or broken, raw or roasted",681306620.0,1814233770.257,Cocoa,Cocoa beans,2.6628741259801645,17441500.0,53467.9277413737,104.01821920459822,39.06238683599461
2020,POL,Poland,1801,"Cocoa beans; whole or broken, raw or roasted",15251142.852,43548434.0,Cocoa,Cocoa beans,2.8554210279585153,37515748.0,16150.9304813473,1.160804097521926,0.4065264233036217
2020,PRT,Portugal,1801,"Cocoa beans; whole or broken, raw or roasted",126968.0,380215.347,Cocoa,Cocoa beans,2.9945761687984374,10297081.0,22299.4044062173,0.03692457571228196,0.012330484726690991
2020,ROU,Romania,1801,"Cocoa beans; whole or broken, raw or roasted",6482.421,54297.79,Cocoa,Cocoa beans,8.376159154118499,19265250.0,13009.1770573223,0.002818431632083674,0.00033648257873632577
2020,NLD,Netherlands,1806,Chocolate and other food preparations containing cocoa,280561105.856,1339932470.096,Cocoa,Chocolate and cocoa preparations,4.77590244024676,17441500.0,53467.9277413737,76.8243826560789,16.08583584301809
2020,POL,Poland,1806,Chocolate and other food preparations containing cocoa,224367052.052,943490933.0,Cocoa,Chocolate and cocoa preparations,4.205122473959919,37515748.0,16150.9304813473,25.149196891929225,5.980609850881821
2020,PRT,Portugal,1806,Chocolate and other food preparations containing cocoa,,245377692.553,Cocoa,Chocolate and cocoa preparations,,10297081.0,22299.4044062173,23.829830274521488,
2020,ROU,Romania,1806,Chocolate and other food preparations containing cocoa,84845658.255,364206451.44,Cocoa,Chocolate and cocoa preparations,4.292576178092615,19265250.0,13009.1770573223,18.90483909837661,4.404077717911784
2020,SVK,Slovakia,901,"Coffee, whether or not roasted or decaffeinated; husks and skins; coffee substitutes containing coffee in any proportion",30756177.882,131649447.22,Coffee,Coffee total,4.280422870653496,5458827.0,19735.4858280801,24.11680150699042,5.634210038530256
2020,SVN,Slovenia,901,"Coffee, whether or not roasted or decaffeinated; husks and skins; coffee substitutes containing coffee in any proportion",20975141.1,70337948.82,Coffee,Coffee total,3.3533957404462935,2102419.0,25392.0651093612,33.45572353560351,9.976670254597206
2020,SVK,Slovakia,1801,"Cocoa beans; whole or broken, raw or roasted",7136809.471,25101042.088,Cocoa,Cocoa beans,3.517123749764736,5458827.0,19735.4858280801,4.598248321113675,1.3073888348174434
2020,SVN,Slovenia,1801,"Cocoa beans; whole or broken, raw or roasted",32531.68,180408.37,Cocoa,Cocoa beans,5.5456210684477405,2102419.0,25392.0651093612,0.08580990278341281,0.015473452247149593
2020,SVK,Slovakia,1806,Chocolate and other food preparations containing cocoa,59506186.902,280124220.907,Cocoa,Chocolate and cocoa preparations,4.707480608164881,5458827.0,19735.4858280801,51.31582680803037,10.900910928666544
2020,SVN,Slovenia,1806,Chocolate and other food preparations containing cocoa,22152051.08,124353828.95,Cocoa,Chocolate and cocoa preparations,5.613648528567767,2102419.0,25392.0651093612,59.1479761883811,10.53645875536703
2020,ESP,Spain,901,"Coffee, whether or not roasted or decaffeinated; husks and skins; coffee substitutes containing coffee in any proportion",344266510.214,1013513071.052,Coffee,Coffee total,2.943978112834701,47359424.0,27233.9426461608,21.40045180980242,7.269229250212164
2020,ESP,Spain,1801,"Cocoa beans; whole or broken, raw or roasted",97531551.46,261961445.114,Cocoa,Cocoa beans,2.6859148777248416,47359424.0,27233.9426461608,5.531347786535579,2.059390575780651
2020,ESP,Spain,1806,Chocolate and other food preparations containing cocoa,140839815.532,606148011.419,Cocoa,Chocolate and cocoa preparations,4.303811455087273,47359424.0,27233.9426461608,12.798889011382403,2.973849840994688
2020,SWE,Sweden,901,"Coffee, whether or not roasted or decaffeinated; husks and skins; coffee substitutes containing coffee in any proportion",122711414.017,424981327.966,Coffee,Coffee total,3.4632583396612526,10353442.0,52568.5726980146,41.04734714947937,11.852233683928494
2020,SWE,Sweden,1801,"Cocoa beans; whole or broken, raw or roasted",43530.679,315624.618,Cocoa,Cocoa beans,7.250624737555783,10353442.0,52568.5726980146,0.030484994072502655,0.004204464466985955
2020,SWE,Sweden,1806,Chocolate and other food preparations containing cocoa,80494400.041,418961985.406,Cocoa,Chocolate and cocoa preparations,5.204858787600141,10353442.0,52568.5726980146,40.465961504009975,7.774651177936767
2021,AUT,Austria,901,"Coffee, whether or not roasted or decaffeinated; husks and skins; coffee substitutes containing coffee in any proportion",62625359.644,465552071.704,Coffee,Coffee total,7.433922525163551,8955797.0,53648.6437976214,51.98332116103123,6.992717637972366
2021,BEL,Belgium,901,"Coffee, whether or not roasted or decaffeinated; husks and skins; coffee substitutes containing coffee in any proportion",162658743.69,679815946.574,Coffee,Coffee total,4.17939995817018,11586195.0,51658.238294958,58.674650873215924,14.039013126397407
2021,BGR,Bulgaria,901,"Coffee, whether or not roasted or decaffeinated; husks and skins; coffee substitutes containing coffee in any proportion",38212541.0,137277621.204,Coffee,Coffee total,3.592475601243058,6507301.0,12966.1457543396,21.09593842424071,5.872256562282888
2021,AUT,Austria,1801,"Cocoa beans; whole or broken, raw or roasted",23632666.049,75597826.236,Cocoa,Cocoa beans,3.1988699911916574,8955797.0,53648.6437976214,8.441217039198186,2.63881216255795
2021,BEL,Belgium,1801,"Cocoa beans; whole or broken, raw or roasted",134004774.68,390131510.907,Cocoa,Cocoa beans,2.9113254496985213,11586195.0,51658.238294958,33.67209950350396,11.565900166534398
2021,BGR,Bulgaria,1801,"Cocoa beans; whole or broken, raw or roasted",24334870.0,67154071.464,Cocoa,Cocoa beans,2.75958209203501,6507301.0,12966.1457543396,10.319804088361673,3.7396256912043873
2021,AUT,Austria,1806,Chocolate and other food preparations containing cocoa,93802824.002,534121370.212,Cocoa,Chocolate and cocoa preparations,5.694086248412008,8955797.0,53648.6437976214,59.63973616329178,10.473978363064727
2021,BEL,Belgium,1806,Chocolate and other food preparations containing cocoa,206997625.5,923412069.471,Cocoa,Chocolate and cocoa preparations,4.4609790437958425,11586195.0,51658.238294958,79.69933783015044,17.86588483104246
2021,BGR,Bulgaria,1806,Chocolate and other food preparations containing cocoa,39718535.954,204363977.896,Cocoa,Chocolate and cocoa preparations,5.145304905817374,6507301.0,12966.1457543396,31.405336543676096,6.103688142595526
2021,HRV,Croatia,901,"Coffee, whether or not roasted or decaffeinated; husks and skins; coffee substitutes containing coffee in any proportion",20500379.11,82819644.0,Coffee,Coffee total,4.039907923439373,3878981.0,17788.7865816658,21.350876428629064,5.284990854556906
2021,CYP,Cyprus,901,"Coffee, whether or not roasted or decaffeinated; husks and skins; coffee substitutes containing coffee in any proportion",3100013.0,26803115.428,Coffee,Coffee total,8.64613000913222,1317309.0,32937.83984375,20.346870345530167,2.3532922040310966
2021,CZE,Czechia,901,"Coffee, whether or not roasted or decaffeinated; husks and skins; coffee substitutes containing coffee in any proportion",53842601.005,286961508.0,Coffee,Coffee total,5.329636805126703,10505772.0,27696.4619527544,27.31465217406203,5.125049449483579
2021,DNK,Denmark,901,"Coffee, whether or not roasted or decaffeinated; husks and skins; coffee substitutes containing coffee in any proportion",39911330.0,208317862.219,Coffee,Coffee total,5.219516919606538,5856733.0,69340.7334922138,35.56895324048407,6.814606368431001
2021,HRV,Croatia,1801,"Cocoa beans; whole or broken, raw or roasted",1575589.64,4355767.0,Cocoa,Cocoa beans,2.764531378868422,3878981.0,17788.7865816658,1.1229152707889005,0.40618648041843974
2021,CYP,Cyprus,1801,"Cocoa beans; whole or broken, raw or roasted",151.0,1044.36,Cocoa,Cocoa beans,6.916291390728476,1317309.0,32937.83984375,0.0007927980451055902,0.00011462762343535191
2021,CZE,Czechia,1801,"Cocoa beans; whole or broken, raw or roasted",105655.238,717791.0,Cocoa,Cocoa beans,6.793709555601967,10505772.0,27696.4619527544,0.068323489220973,0.010056875211074446
2021,DNK,Denmark,1801,"Cocoa beans; whole or broken, raw or roasted",16744.0,147688.926,Cocoa,Cocoa beans,8.820408862876254,5856733.0,69340.7334922138,0.025216947059051524,0.0028589317628104267
2021,HRV,Croatia,1806,Chocolate and other food preparations containing cocoa,43459658.73,205877462.0,Cocoa,Chocolate and cocoa preparations,4.737208436887328,3878981.0,17788.7865816658,53.07514061038195,11.20388543537594
2021,CYP,Cyprus,1806,Chocolate and other food preparations containing cocoa,5833212.0,36768085.748,Cocoa,Chocolate and cocoa preparations,6.303231521158498,1317309.0,32937.83984375,27.911511838148837,4.428127341421034
2021,CZE,Czechia,1806,Chocolate and other food preparations containing cocoa,94081089.471,462622736.0,Cocoa,Chocolate and cocoa preparations,4.917276560053027,10505772.0,27696.4619527544,44.03510146612738,8.955180968233462
2021,DNK,Denmark,1806,Chocolate and other food preparations containing cocoa,61784846.0,382433559.407,Cocoa,Chocolate and cocoa preparations,6.189763091859127,5856733.0,69340.7334922138,65.29810380753229,10.549370442531698
2021,EST,Estonia,901,"Coffee, whether or not roasted or decaffeinated; husks and skins; coffee substitutes containing coffee in any proportion",6750486.465,42954145.48,Coffee,Coffee total,6.363118525266164,1330932.0,27951.1659277744,32.273734105123324,5.071999519885313
2021,FIN,Finland,901,"Coffee, whether or not roasted or decaffeinated; husks and skins; coffee substitutes containing coffee in any proportion",63952706.472,280477228.731,Coffee,Coffee total,4.385697560021162,5541017.0,53099.1351400148,50.618366399345106,11.541691078009688
2021,FRA,France,901,"Coffee, whether or not roasted or decaffeinated; husks and skins; coffee substitutes containing coffee in any proportion",413294682.913,2948688968.172,Coffee,Coffee total,7.1345920721479725,67842811.0,43725.0999521245,43.46354351637935,6.091945142323186
2021,EST,Estonia,1801,"Cocoa beans; whole or broken, raw or roasted",21063000.705,55305075.87,Cocoa,Cocoa beans,2.6256978597010403,1330932.0,27951.1659277744,41.55364501717593,15.825752709379591
2021,FIN,Finland,1801,"Cocoa beans; whole or broken, raw or roasted",49657.0,320864.436,Cocoa,Cocoa beans,6.461615401655355,5541017.0,53099.1351400148,0.05790713798568024,0.008961712263290294
2021,FRA,France,1801,"Cocoa beans; whole or broken, raw or roasted",161030021.973,458832408.097,Cocoa,Cocoa beans,2.84935940811045,67842811.0,43725.0999521245,6.7631691749476595,2.373575322122192
2021,EST,Estonia,1806,Chocolate and other food preparations containing cocoa,9843490.162,60106788.69,Cocoa,Chocolate and cocoa preparations,6.106247652081516,1330932.0,27951.1659277744,45.1614272479736,7.395937705307259
2021,FIN,Finland,1806,Chocolate and other food preparations containing cocoa,27066330.311,169938166.785,Cocoa,Chocolate and cocoa preparations,6.278581722470726,5541017.0,53099.1351400148,30.669129292510743,4.88472248163108
2021,FRA,France,1806,Chocolate and other food preparations containing cocoa,544960700.546,2431486244.608,Cocoa,Chocolate and cocoa preparations,4.461764384426027,67842811.0,43725.0999521245,35.83999850194886,8.032696353722725
2021,DEU,Germany,901,"Coffee, whether or not roasted or decaffeinated; husks and skins; coffee substitutes containing coffee in any proportion",1173902992.855,3837836014.552,Coffee,Coffee total,3.2692957066394053,83196078.0,52349.2459994422,46.1300112554825,14.110076112662426
2021,GRC,Greece,901,"Coffee, whether or not roasted or decaffeinated; husks and skins; coffee substitutes containing coffee in any proportion",0.0,288154275.444,Coffee,Coffee total,,10569207.0,20654.7001960815,27.263566267932873,0.0
2021,DEU,Germany,1801,"Cocoa beans; whole or broken, raw or roasted",277367884.312,763045646.068,Cocoa,Cocoa beans,2.7510237818653893,83196078.0,52349.2459994422,9.171654054028844,3.333905767913723
2021,GRC,Greece,1801,"Cocoa beans; whole or broken, raw or roasted",3856286.0,10732335.781,Cocoa,Cocoa beans,2.78307567981213,10569207.0,20654.7001960815,1.0154343444120264,0.3648604857488362
2021,DEU,Germany,1806,Chocolate and other food preparations containing cocoa,533596231.361,2680688851.215,Cocoa,Chocolate and cocoa preparations,5.023815187707731,83196078.0,52349.2459994422,32.221336818485604,6.413718581313413
2021,GRC,Greece,1806,Chocolate and other food preparations containing cocoa,32305071.72,151135940.646,Cocoa,Chocolate and cocoa preparations,4.678396691267275,10569207.0,20654.7001960815,14.299648085802463,3.056527487823826
2021,HUN,Hungary,901,"Coffee, whether or not roasted or decaffeinated; husks and skins; coffee substitutes containing coffee in any proportion",0.0,136235596.0,Coffee,Coffee total,,9630932.0,19030.628130329,14.145629519552209,0.0
2021,IRL,Ireland,901,"Coffee, whether or not roasted or decaffeinated; husks and skins; coffee substitutes containing coffee in any proportion",14459256.161,122936402.764,Coffee,Coffee total,8.502263283472926,5110585.0,103783.446284479,24.055250575814707,2.8292761319888036
2021,ITA,Italy,901,"Coffee, whether or not roasted or decaffeinated; husks and skins; coffee substitutes containing coffee in any proportion",645158355.0,1765941494.12,Coffee,Coffee total,2.7372217695607457,59133173.0,36852.5425414951,29.863804097236585,10.910261064462075
2021,LVA,Latvia,901,"Coffee, whether or not roasted or decaffeinated; husks and skins; coffee substitutes containing coffee in any proportion",10824883.702,72148101.554,Coffee,Coffee total,6.665023250150019,1884490.0,20261.8887788916,38.28521326937262,5.744198006887805
2021,LTU,Lithuania,901,"Coffee, whether or not roasted or decaffeinated; husks and skins; coffee substitutes containing coffee in any proportion",21656375.38,152126848.0,Coffee,Coffee total,7.024575688713427,2808380.0,23870.4594851722,54.16889737143834,7.711340837066208
2021,LUX,Luxembourg,901,"Coffee, whether or not roasted or decaffeinated; husks and skins; coffee substitutes containing coffee in any proportion",20169951.988,138013253.262,Coffee,Coffee total,6.842517688892378,640064.0,134965.815442152,215.62414580729427,31.512398741375865
2021,MLT,Malta,901,"Coffee, whether or not roasted or decaffeinated; husks and skins; coffee substitutes containing coffee in any proportion",799078.0,6767810.368,Coffee,Coffee total,8.469524086509702,518150.0,38096.8360735119,13.061488696323458,1.5421750458361478
2021,HUN,Hungary,1801,"Cocoa beans; whole or broken, raw or roasted",11954.0,104238.0,Cocoa,Cocoa beans,8.719926384473816,9630932.0,19030.628130329,0.010823251581466882,0.0012412090543262064
2021,IRL,Ireland,1801,"Cocoa beans; whole or broken, raw or roasted",33911.149,204319.571,Cocoa,Cocoa beans,6.025144444383174,5110585.0,103783.446284479,0.039979683539164305,0.006635473042714287
2021,ITA,Italy,1801,"Cocoa beans; whole or broken, raw or roasted",106981530.0,341767283.402,Cocoa,Cocoa beans,3.1946382090628167,59133173.0,36852.5425414951,5.779620237899293,1.8091626843700743
2021,LVA,Latvia,1801,"Cocoa beans; whole or broken, raw or roasted",24115.256,667242.946,Cocoa,Cocoa beans,27.668914068339145,1884490.0,20261.8887788916,0.35407083401875306,0.012796701494834146
2021,LTU,Lithuania,1801,"Cocoa beans; whole or broken, raw or roasted",2554419.9,1947047.0,Cocoa,Cocoa beans,0.7622266801162957,2808380.0,23870.4594851722,0.6932989837557596,0.9095706065418497
2021,LUX,Luxembourg,1801,"Cocoa beans; whole or broken, raw or roasted",3063.634,41113.118,Cocoa,Cocoa beans,13.41972246032,640064.0,134965.815442152,0.06423282359264074,0.004786449480051995
2021,MLT,Malta,1801,"Cocoa beans; whole or broken, raw or roasted",823.0,13366.148,Cocoa,Cocoa beans,16.24076306196841,518150.0,38096.8360735119,0.025795904660812503,0.0015883431438772557
2021,HUN,Hungary,1806,Chocolate and other food preparations containing cocoa,0.0,336954657.0,Cocoa,Chocolate and cocoa preparations,,9630932.0,19030.628130329,34.98671333158619,0.0
2021,IRL,Ireland,1806,Chocolate and other food preparations containing cocoa,62879359.079,382605114.689,Cocoa,Chocolate and cocoa preparations,6.084748958848401,5110585.0,103783.446284479,74.8652286751908,12.303749781874288
2021,ITA,Italy,1806,Chocolate and other food preparations containing cocoa,135124455.0,712039783.919,Cocoa,Chocolate and cocoa preparations,5.269510866252893,59133173.0,36852.5425414951,12.041291677667965,2.2850871709522504
2021,LVA,Latvia,1806,Chocolate and other food preparations containing cocoa,17180523.635,80986103.683,Cocoa,Chocolate and cocoa preparations,4.713832092871481,1884490.0,20261.8887788916,42.9750774389888,9.1168027609592
2021,LTU,Lithuania,1806,Chocolate and other food preparations containing cocoa,33479026.214,138869642.0,Cocoa,Chocolate and cocoa preparations,4.147959415316822,2808380.0,23870.4594851722,49.44830898952421,11.921116876633505
2021,LUX,Luxembourg,1806,Chocolate and other food preparations containing cocoa,7205991.358,72887661.737,Cocoa,Chocolate and cocoa preparations,10.114869435151494,640064.0,134965.815442152,113.87558390567195,11.25823567330767
2021,MLT,Malta,1806,Chocolate and other food preparations containing cocoa,3213967.0,22943478.975,Cocoa,Chocolate and cocoa preparations,7.138679076356416,518150.0,38096.8360735119,44.27960817330889,6.202773328186819
2021,NLD,Netherlands,901,"Coffee, whether or not roasted or decaffeinated; husks and skins; coffee substitutes containing coffee in any proportion",268630191.559,1312609110.908,Coffee,Coffee total,4.886305233563845,17533044.0,60141.9880911492,74.86487291699034,15.321366418689191
2021,POL,Poland,901,"Coffee, whether or not roasted or decaffeinated; husks and skins; coffee substitutes containing coffee in any proportion",194842506.744,737237410.0,Coffee,Coffee total,3.7837606501780576,36981559.0,18635.5104895754,19.935271252355804,5.268639614246657
2021,PRT,Portugal,901,"Coffee, whether or not roasted or decaffeinated; husks and skins; coffee substitutes containing coffee in any proportion",60779855.835,330247399.879,Coffee,Coffee total,5.433500875282226,10361831.0,24711.4510062111,31.871529257618658,5.865744754474378
2021,ROU,Romania,901,"Coffee, whether or not roasted or decaffeinated; husks and skins; coffee substitutes containing coffee in any proportion",58007723.654,311749277.49,Coffee,Coffee total,5.374271870234007,19122059.0,14907.9803652143,16.303122874477065,3.033550082342074
2021,NLD,Netherlands,1801,"Cocoa beans; whole or broken, raw or roasted",713531845.0,1938995934.43,Cocoa,Cocoa beans,2.717462364178014,17533044.0,60141.9880911492,110.59094669642077,40.69640417260118
2021,POL,Poland,1801,"Cocoa beans; whole or broken, raw or roasted",14590949.55,45215945.0,Cocoa,Cocoa beans,3.098903525439165,36981559.0,18635.5104895754,1.2226619488918788,0.3945466320119171
2021,PRT,Portugal,1801,"Cocoa beans; whole or broken, raw or roasted",184712.448,563368.778,Cocoa,Cocoa beans,3.04997732475507,10361831.0,24711.4510062111,0.05436961652819854,0.01782623630900755
2021,ROU,Romania,1801,"Cocoa beans; whole or broken, raw or roasted",7718.389,65149.95,Cocoa,Cocoa beans,8.440874125416586,19122059.0,14907.9803652143,0.0034070572630280033,0.0004036379659742709
2021,NLD,Netherlands,1806,Chocolate and other food preparations containing cocoa,303497291.843,1572455266.996,Cocoa,Chocolate and cocoa preparations,5.181117951488791,17533044.0,60141.9880911492,89.68524045202875,17.310017122126652
2021,POL,Poland,1806,Chocolate and other food preparations containing cocoa,246972150.065,1093061115.0,Cocoa,Chocolate and cocoa preparations,4.425847670323638,36981559.0,18635.5104895754,29.556923627800547,6.6782514513517395
2021,PRT,Portugal,1806,Chocolate and other food preparations containing cocoa,54378809.93,258650636.269,Cocoa,Chocolate and cocoa preparations,4.756460036583224,10361831.0,24711.4510062111,24.96186593556679,5.247992360616575
2021,ROU,Romania,1806,Chocolate and other food preparations containing cocoa,91384462.821,416097518.27,Cocoa,Chocolate and cocoa preparations,4.553263272828272,19122059.0,14907.9803652143,21.760079198061256,4.779007470952788
2021,SVK,Slovakia,901,"Coffee, whether or not roasted or decaffeinated; husks and skins; coffee substitutes containing coffee in any proportion",39155148.035,204382016.433,Coffee,Coffee total,5.21979935436094,5447247.0,22123.3342114545,37.52024030358822,7.188061792498118
2021,SVN,Slovenia,901,"Coffee, whether or not roasted or decaffeinated; husks and skins; coffee substitutes containing coffee in any proportion",21588874.286,78271976.294,Coffee,Coffee total,3.6255700624815805,2108079.0,29192.8401933019,37.129527068957096,10.241017668692681
2021,SVK,Slovakia,1801,"Cocoa beans; whole or broken, raw or roasted",4694132.959,15010684.776,Cocoa,Cocoa beans,3.19775449632721,5447247.0,22123.3342114545,2.755646067821048,0.8617440991752348
2021,SVN,Slovenia,1801,"Cocoa beans; whole or broken, raw or roasted",28816.137,173806.033,Cocoa,Cocoa beans,6.03155214732634,2108079.0,29192.8401933019,0.08244758996223576,0.013669381934927486
2021,SVK,Slovakia,1806,Chocolate and other food preparations containing cocoa,64874497.249,347169847.169,Cocoa,Chocolate and cocoa preparations,5.351407130547766,5447247.0,22123.3342114545,63.73308336651524,11.909593460513173
2021,SVN,Slovenia,1806,Chocolate and other food preparations containing cocoa,24950898.922,147868543.674,Cocoa,Chocolate and cocoa preparations,5.9263814156058165,2108079.0,29192.8401933019,70.14373924032259,11.835846247697548
2021,ESP,Spain,901,"Coffee, whether or not roasted or decaffeinated; husks and skins; coffee substitutes containing coffee in any proportion",340249444.46,1115012485.569,Coffee,Coffee total,3.2770442501048134,47443821.0,30799.4775937775,23.501742947074185,7.1716281970627955
2021,ESP,Spain,1801,"Cocoa beans; whole or broken, raw or roasted",99600839.3,272950206.831,Cocoa,Cocoa beans,2.7404408311145625,47443821.0,30799.4775937775,5.753124454942193,2.0993427004962353
2021,ESP,Spain,1806,Chocolate and other food preparations containing cocoa,156702684.221,724873438.087,Cocoa,Chocolate and cocoa preparations,4.6257882670644035,47443821.0,30799.4775937775,15.278563631858404,3.3029102824791448
2021,SWE,Sweden,901,"Coffee, whether or not roasted or decaffeinated; husks and skins; coffee substitutes containing coffee in any proportion",109272286.322,458782172.274,Coffee,Coffee total,4.198522678678798,10415811.0,60647.5416365347,44.04670671098007,10.491001259719479
2021,SWE,Sweden,1801,"Cocoa beans; whole or broken, raw or roasted",63449.721,529699.126,Cocoa,Cocoa beans,8.348328686898403,10415811.0,60647.5416365347,0.05085529355323364,0.006091673610437056
2021,SWE,Sweden,1806,Chocolate and other food preparations containing cocoa,85475223.512,470188950.879,Cocoa,Chocolate and cocoa preparations,5.500880039383453,10415811.0,60647.5416365347,45.14184741629816,8.206295555094076
2022,AUT,Austria,901,"Coffee, whether or not roasted or decaffeinated; husks and skins; coffee substitutes containing coffee in any proportion",60809432.38,483110753.003,Coffee,Coffee total,7.944668024263509,9041851.0,52336.7725223758,53.43051472569057,6.725330065713315
2022,BEL,Belgium,901,"Coffee, whether or not roasted or decaffeinated; husks and skins; coffee substitutes containing coffee in any proportion",168142660.13,872481453.831,Coffee,Coffee total,5.188935711832074,11680210.0,50605.7496677086,74.69741159028818,14.395516872556229
2022,BGR,Bulgaria,901,"Coffee, whether or not roasted or decaffeinated; husks and skins; coffee substitutes containing coffee in any proportion",35944015.52,169322786.52,Coffee,Coffee total,4.710736518177422,6465097.0,13999.1949530956,26.190293280982484,5.559702432925601
2022,AUT,Austria,1801,"Cocoa beans; whole or broken, raw or roasted",26109020.732,70208771.909,Cocoa,Cocoa beans,2.6890618621689635,9041851.0,52336.7725223758,7.764867161491601,2.887574760079546
2022,BEL,Belgium,1801,"Cocoa beans; whole or broken, raw or roasted",122425557.55,331953762.602,Cocoa,Cocoa beans,2.7114743787580977,11680210.0,50605.7496677086,28.4201878735057,10.481451750439419
2022,BGR,Bulgaria,1801,"Cocoa beans; whole or broken, raw or roasted",21306788.08,50527995.896,Cocoa,Cocoa beans,2.371450624387118,6465097.0,13999.1949530956,7.815504685544547,3.2956640990846693
2022,AUT,Austria,1806,Chocolate and other food preparations containing cocoa,89582889.304,499499960.653,Cocoa,Chocolate and cocoa preparations,5.575841151516606,9041851.0,52336.7725223758,55.243109032984506,9.907583005293938
2022,BEL,Belgium,1806,Chocolate and other food preparations containing cocoa,231055031.457,914197602.444,Cocoa,Chocolate and cocoa preparations,3.956622786698046,11680210.0,50605.7496677086,78.26893544242783,19.781753192536776
2022,BGR,Bulgaria,1806,Chocolate and other food preparations containing cocoa,47210569.435,237904510.486,Cocoa,Chocolate and cocoa preparations,5.039221372102901,6465097.0,13999.1949530956,36.79828941251771,7.302376040916323
2022,HRV,Croatia,901,"Coffee, whether or not roasted or decaffeinated; husks and skins; coffee substitutes containing coffee in any proportion",20792085.168,103906814.0,Coffee,Coffee total,4.997421526529599,3855641.0,18465.5414420364,26.949296887339873,5.392640333475031
2022,CYP,Cyprus,901,"Coffee, whether or not roasted or decaffeinated; husks and skins; coffee substitutes containing coffee in any proportion",3347764.0,33879578.775,Coffee,Coffee total,10.120061860692688,1331370.0,33231.04296875,25.44715501701255,2.5145256390034327
2022,CZE,Czechia,901,"Coffee, whether or not roasted or decaffeinated; husks and skins; coffee substitutes containing coffee in any proportion",56318824.099,356677411.0,Coffee,Coffee total,6.333182851492334,10672118.0,28282.2236715857,33.4214268432939,5.2771927839441055
2022,DNK,Denmark,901,"Coffee, whether or not roasted or decaffeinated; husks and skins; coffee substitutes containing coffee in any proportion",43201506.0,304551632.614,Coffee,Coffee total,7.049560554995468,5903037.0,67781.0940939514,51.59236383136342,7.318521974366754
2022,HRV,Croatia,1801,"Cocoa beans; whole or broken, raw or roasted",2073068.898,5041896.0,Cocoa,Cocoa beans,2.432092828590591,3855641.0,18465.5414420364,1.3076673891578598,0.5376716603023985
2022,CYP,Cyprus,1801,"Cocoa beans; whole or broken, raw or roasted",1126.0,8016.859,Cocoa,Cocoa beans,7.119768206039077,1331370.0,33231.04296875,0.0060215109248368225,0.0008457453600426629
2022,CZE,Czechia,1801,"Cocoa beans; whole or broken, raw or roasted",163253.898,804717.0,Cocoa,Cocoa beans,4.929236054136974,10672118.0,28282.2236715857,0.07540368275538183,0.015297235094289624
2022,DNK,Denmark,1801,"Cocoa beans; whole or broken, raw or roasted",22562.474,232527.967,Cocoa,Cocoa beans,10.305960552021025,5903037.0,67781.0940939514,0.039391243354903585,0.003822180684281667
2022,HRV,Croatia,1806,Chocolate and other food preparations containing cocoa,44416039.775,203609710.0,Cocoa,Chocolate and cocoa preparations,4.584148227339343,3855641.0,18465.5414420364,52.808264566125324,11.519755022576012
2022,CYP,Cyprus,1806,Chocolate and other food preparations containing cocoa,5603241.0,36675526.086,Cocoa,Chocolate and cocoa preparations,6.545412929053025,1331370.0,33231.04296875,27.54720782802677,4.208627954663242
2022,CZE,Czechia,1806,Chocolate and other food preparations containing cocoa,98966602.505,471807944.0,Cocoa,Chocolate and cocoa preparations,4.767345064474283,10672118.0,28282.2236715857,44.20940098301012,9.273379708226614
2022,DNK,Denmark,1806,Chocolate and other food preparations containing cocoa,62126935.602,376456952.806,Cocoa,Chocolate and cocoa preparations,6.059480467822737,5903037.0,67781.0940939514,63.77343608146112,10.524571606445969
2022,EST,Estonia,901,"Coffee, whether or not roasted or decaffeinated; husks and skins; coffee substitutes containing coffee in any proportion",8898201.638,62963058.84,Coffee,Coffee total,7.075930778092804,1348840.0,28340.3826549406,46.679412561905046,6.596928944871149
2022,FIN,Finland,901,"Coffee, whether or not roasted or decaffeinated; husks and skins; coffee substitutes containing coffee in any proportion",70863181.742,431433944.732,Coffee,Coffee total,6.088266630515869,5556106.0,50440.560224974,77.65041644849828,12.75410903643667
2022,FRA,France,901,"Coffee, whether or not roasted or decaffeinated; husks and skins; coffee substitutes containing coffee in any proportion",384725097.485,3219769785.612,Coffee,Coffee total,8.369014152339087,68184457.0,40988.6396406579,47.221462592449775,5.64241638655273
2022,EST,Estonia,1801,"Cocoa beans; whole or broken, raw or roasted",18575969.755,42320033.1,Cocoa,Cocoa beans,2.2782139322017865,1348840.0,28340.3826549406,31.375132039381988,13.77181115254589
2022,FIN,Finland,1801,"Cocoa beans; whole or broken, raw or roasted",37354.168,233494.579,Cocoa,Cocoa beans,6.25083067035518,5556106.0,50440.560224974,0.042024860396831884,0.006723084116825704
2022,FRA,France,1801,"Cocoa beans; whole or broken, raw or roasted",169464432.885,459119961.333,Cocoa,Cocoa beans,2.7092408331166618,68184457.0,40988.6396406579,6.73349882852334,2.485382158062797
2022,EST,Estonia,1806,Chocolate and other food preparations containing cocoa,10633294.499,63280044.35,Cocoa,Chocolate and cocoa preparations,5.951123083814816,1348840.0,28340.3826549406,46.914418574478816,7.883288232110554
2022,FIN,Finland,1806,Chocolate and other food preparations containing cocoa,30091566.383,180249194.598,Cocoa,Chocolate and cocoa preparations,5.990023659912579,5556106.0,50440.560224974,32.44164070987846,5.4159453370760025
2022,FRA,France,1806,Chocolate and other food preparations containing cocoa,546713284.96,2426375965.522,Cocoa,Chocolate and cocoa preparations,4.438114149173317,68184457.0,40988.6396406579,35.58547024172972,8.01815118891392
2022,DEU,Germany,901,"Coffee, whether or not roasted or decaffeinated; husks and skins; coffee substitutes containing coffee in any proportion",1216998985.505,5161179506.454,Coffee,Coffee total,4.2409069916458,83177813.0,50506.5179638543,62.04995443260813,14.631293389560508
2022,GRC,Greece,901,"Coffee, whether or not roasted or decaffeinated; husks and skins; coffee substitutes containing coffee in any proportion",53459042.109,351794875.928,Coffee,Coffee total,6.580643087669059,10436882.0,20886.5243087629,33.70689406357186,5.122127672709148
2022,DEU,Germany,1801,"Cocoa beans; whole or broken, raw or roasted",295064526.888,739703681.896,Cocoa,Cocoa beans,2.5069217560563466,83177813.0,50506.5179638543,8.893040766724656,3.5473946265935123
2022,GRC,Greece,1801,"Cocoa beans; whole or broken, raw or roasted",2955827.0,7414481.706,Cocoa,Cocoa beans,2.5084288444486096,10436882.0,20886.5243087629,0.7104115679376274,0.28320977472007447
2022,DEU,Germany,1806,Chocolate and other food preparations containing cocoa,531481601.929,2642635204.392,Cocoa,Chocolate and cocoa preparations,4.972204484220371,83177813.0,50506.5179638543,31.770914731696543,6.389703969843497
2022,GRC,Greece,1806,Chocolate and other food preparations containing cocoa,33235703.574,148321440.406,Cocoa,Chocolate and cocoa preparations,4.4627140230613485,10436882.0,20886.5243087629,14.211278848031432,3.1844475748600014
2022,HUN,Hungary,901,"Coffee, whether or not roasted or decaffeinated; husks and skins; coffee substitutes containing coffee in any proportion",0.0,158340951.0,Coffee,Coffee total,,9605074.0,18428.028825614,16.48513598125324,0.0
2022,IRL,Ireland,901,"Coffee, whether or not roasted or decaffeinated; husks and skins; coffee substitutes containing coffee in any proportion",20924612.759,137010636.647,Coffee,Coffee total,6.547821850995528,5212836.0,105190.685952731,26.28331999069221,4.014055450622272
2022,ITA,Italy,901,"Coffee, whether or not roasted or decaffeinated; husks and skins; coffee substitutes containing coffee in any proportion",698324497.0,2607846342.978,Coffee,Coffee total,3.7344334248351596,59013667.0,35653.9042103495,44.19054899567587,11.833267317552052
2022,LVA,Latvia,901,"Coffee, whether or not roasted or decaffeinated; husks and skins; coffee substitutes containing coffee in any proportion",11166974.69,87476081.008,Coffee,Coffee total,7.833462816597465,1879383.0,20221.103686109,46.54510603107509,5.941830212362248
2022,LTU,Lithuania,901,"Coffee, whether or not roasted or decaffeinated; husks and skins; coffee substitutes containing coffee in any proportion",27357251.2,205050275.0,Coffee,Coffee total,7.495280629656243,2831639.0,25085.784063499,72.4139888594556,9.661277867694293
2022,LUX,Luxembourg,901,"Coffee, whether or not roasted or decaffeinated; husks and skins; coffee substitutes containing coffee in any proportion",20840501.691,152482661.97,Coffee,Coffee total,7.316650252995102,653103.0,123719.658915996,233.47414109259947,31.90997697300426
2022,MLT,Malta,901,"Coffee, whether or not roasted or decaffeinated; husks and skins; coffee substitutes containing coffee in any proportion",909457.0,7712576.606,Coffee,Coffee total,8.48041920178744,531113.0,35638.8869457406,14.521536106252341,1.712360646416111
2022,HUN,Hungary,1801,"Cocoa beans; whole or broken, raw or roasted",15092.127,120735.0,Cocoa,Cocoa beans,7.99986642041907,9605074.0,18428.028825614,0.012569918774181229,0.0015712660829057643
2022,IRL,Ireland,1801,"Cocoa beans; whole or broken, raw or roasted",31663.0,166423.805,Cocoa,Cocoa beans,5.256097179673436,5212836.0,105190.685952731,0.03192577034842454,0.0060740449152822
2022,ITA,Italy,1801,"Cocoa beans; whole or broken, raw or roasted",100982644.0,283476000.917,Cocoa,Cocoa beans,2.807175467865547,59013667.0,35653.9042103495,4.803565264246331,1.711173854015884
2022,LVA,Latvia,1801,"Cocoa beans; whole or broken, raw or roasted",483.357,5457.951,Cocoa,Cocoa beans,11.29175950694828,1879383.0,20221.103686109,0.002904118532518385,0.00025718919453884603
2022,LTU,Lithuania,1801,"Cocoa beans; whole or broken, raw or roasted",2142120.59,1552399.0,Cocoa,Cocoa beans,0.7247019646078843,2831639.0,25085.784063499,0.5482333729688,0.7564949451536724
2022,LUX,Luxembourg,1801,"Cocoa beans; whole or broken, raw or roasted",6411.451,43232.606,Cocoa,Cocoa beans,6.743029931914008,653103.0,123719.658915996,0.06619569348173258,0.009816906368520738
2022,MLT,Malta,1801,"Cocoa beans; whole or broken, raw or roasted",560.0,7808.356,Cocoa,Cocoa beans,13.943492857142857,531113.0,35638.8869457406,0.014701873236015687,0.001054389555518317
2022,HUN,Hungary,1806,Chocolate and other food preparations containing cocoa,0.0,342492866.0,Cocoa,Chocolate and cocoa preparations,,9605074.0,18428.028825614,35.65749373716434,0.0
2022,IRL,Ireland,1806,Chocolate and other food preparations containing cocoa,66534147.208,374041755.038,Cocoa,Chocolate and cocoa preparations,5.621801296538233,5212836.0,105190.685952731,71.75398478640034,12.763522045964999
2022,ITA,Italy,1806,Chocolate and other food preparations containing cocoa,139807520.0,672872590.793,Cocoa,Chocolate and cocoa preparations,4.812849772265469,59013667.0,35653.9042103495,11.401978982139848,2.369070201992362
2022,LVA,Latvia,1806,Chocolate and other food preparations containing cocoa,18649917.276,87656055.443,Cocoa,Chocolate and cocoa preparations,4.700077439796575,1879383.0,20221.103686109,46.64086854196297,9.923425547639837
2022,LTU,Lithuania,1806,Chocolate and other food preparations containing cocoa,34425673.608,149342270.0,Cocoa,Chocolate and cocoa preparations,4.338107416590829,2831639.0,25085.784063499,52.74057533463835,12.15750793374438
2022,LUX,Luxembourg,1806,Chocolate and other food preparations containing cocoa,7068979.6,66637113.026,Cocoa,Chocolate and cocoa preparations,9.426694770204175,653103.0,123719.658915996,102.03155249018914,10.823682635051439
2022,MLT,Malta,1806,Chocolate and other food preparations containing cocoa,3585418.0,23345099.314,Cocoa,Chocolate and cocoa preparations,6.511123476816371,531113.0,35638.8869457406,43.95505158789184,6.750763020298882
2022,NLD,Netherlands,901,"Coffee, whether or not roasted or decaffeinated; husks and skins; coffee substitutes containing coffee in any proportion",319609681.698,1668868248.601,Coffee,Coffee total,5.221582274149998,17700982.0,59123.318556487,94.28111099152578,18.056042410415422
2022,POL,Poland,901,"Coffee, whether or not roasted or decaffeinated; husks and skins; coffee substitutes containing coffee in any proportion",194807239.62,966105953.0,Coffee,Coffee total,4.959291835788705,36821749.0,18891.2121169279,26.23737272773219,5.2905482469070115
2022,PRT,Portugal,901,"Coffee, whether or not roasted or decaffeinated; husks and skins; coffee substitutes containing coffee in any proportion",67834298.994,386834698.299,Coffee,Coffee total,5.7026416434732505,10434332.0,24620.5197587181,37.07325953391171,6.5010677246995785
2022,ROU,Romania,901,"Coffee, whether or not roasted or decaffeinated; husks and skins; coffee substitutes containing coffee in any proportion",57505891.796,352678179.18,Coffee,Coffee total,6.132905136592137,19048502.0,15503.551804598,18.514746155891945,3.018919377282266
2022,NLD,Netherlands,1801,"Cocoa beans; whole or broken, raw or roasted",690954693.0,1540962526.3,Cocoa,Cocoa beans,2.2301932990850966,17700982.0,59123.318556487,87.05519989229975,39.03482264430301
2022,POL,Poland,1801,"Cocoa beans; whole or broken, raw or roasted",11824510.847,32812126.0,Cocoa,Cocoa beans,2.7749245972677827,36821749.0,18891.2121169279,0.8911072094918685,0.3211284408842176
2022,PRT,Portugal,1801,"Cocoa beans; whole or broken, raw or roasted",264746.328,841111.494,Cocoa,Cocoa beans,3.1770468748484397,10434332.0,24620.5197587181,0.08060999918346473,0.025372618774254067
2022,ROU,Romania,1801,"Cocoa beans; whole or broken, raw or roasted",37321.846,93135.8,Cocoa,Cocoa beans,2.4954767778635603,19048502.0,15503.551804598,0.0048894028517308084,0.0019593060913661348
2022,NLD,Netherlands,1806,Chocolate and other food preparations containing cocoa,341966522.497,1583265113.568,Cocoa,Chocolate and cocoa preparations,4.629883364041548,17700982.0,59123.318556487,89.44504398501734,19.319070687547164
2022,POL,Poland,1806,Chocolate and other food preparations containing cocoa,244447248.602,1080678088.0,Cocoa,Chocolate and cocoa preparations,4.42090509989548,36821749.0,18891.2121169279,29.34890702774602,6.638664790257518
2022,PRT,Portugal,1806,Chocolate and other food preparations containing cocoa,58514583.617,277247994.615,Cocoa,Chocolate and cocoa preparations,4.738100785774921,10434332.0,24620.5197587181,26.570746897357687,5.607889764002142
2022,ROU,Romania,1806,Chocolate and other food preparations containing cocoa,94107413.263,424244135.11,Cocoa,Chocolate and cocoa preparations,4.508084117925693,19048502.0,15503.551804598,22.27178468469594,4.940410183593439
2022,SVK,Slovakia,901,"Coffee, whether or not roasted or decaffeinated; husks and skins; coffee substitutes containing coffee in any proportion",44164247.094,263964113.398,Coffee,Coffee total,5.976873393452716,5431752.0,21317.7943982363,48.59649582639266,8.130755434710569
2022,SVN,Slovenia,901,"Coffee, whether or not roasted or decaffeinated; husks and skins; coffee substitutes containing coffee in any proportion",22854480.001,98521704.302,Coffee,Coffee total,4.310826774343113,2112076.0,28360.3041467268,46.64685565386851,10.820860613443834
2022,SVK,Slovakia,1801,"Cocoa beans; whole or broken, raw or roasted",,25355632.411,Cocoa,Cocoa beans,,5431752.0,21317.7943982363,4.668039411777268,
2022,SVN,Slovenia,1801,"Cocoa beans; whole or broken, raw or roasted",34242.639,181311.253,Cocoa,Cocoa beans,5.29489718943683,2112076.0,28360.3041467268,0.08584504203447224,0.016212787323940995
2022,SVK,Slovakia,1806,Chocolate and other food preparations containing cocoa,63701954.289,338378487.743,Cocoa,Chocolate and cocoa preparations,5.311901204912184,5431752.0,21317.7943982363,62.296380199795564,11.727699329608567
2022,SVN,Slovenia,1806,Chocolate and other food preparations containing cocoa,24510786.888,139481794.921,Cocoa,Chocolate and cocoa preparations,5.6906290099273615,2112076.0,28360.3041467268,66.04014009012933,11.60506860927353
2022,ESP,Spain,901,"Coffee, whether or not roasted or decaffeinated; husks and skins; coffee substitutes containing coffee in any proportion",355502018.764,1388962655.83,Coffee,Coffee total,3.907045762100335,47786102.0,30319.4987196616,29.066247249671044,7.439443768901678
2022,ESP,Spain,1801,"Cocoa beans; whole or broken, raw or roasted",92815136.43,225360022.447,Cocoa,Cocoa beans,2.428052482764637,47786102.0,30319.4987196616,4.716016017523254,1.9423039868370098
2022,ESP,Spain,1806,Chocolate and other food preparations containing cocoa,160850697.105,725203337.177,Cocoa,Chocolate and cocoa preparations,4.508549544573017,47786102.0,30319.4987196616,15.17603041103876,3.3660560366484797
2022,SWE,Sweden,901,"Coffee, whether or not roasted or decaffeinated; husks and skins; coffee substitutes containing coffee in any proportion",118217459.412,662879594.737,Coffee,Coffee total,5.607290141693846,10486941.0,54836.8907235124,63.210005161371654,11.272825832814355
2022,SWE,Sweden,1801,"Cocoa beans; whole or broken, raw or roasted",110664.336,521541.307,Cocoa,Cocoa beans,4.712821906779435,10486941.0,54836.8907235124,0.04973245362970956,0.010552584972109598
2022,SWE,Sweden,1806,Chocolate and other food preparations containing cocoa,95355800.372,488620532.362,Cocoa,Chocolate and cocoa preparations,5.124182592519848,10486941.0,54836.8907235124,46.59323747144186,9.09281365957909
2023,AUT,Austria,901,"Coffee, whether or not roasted or decaffeinated; husks and skins; coffee substitutes containing coffee in any proportion",61723164.077,517693653.256,Coffee,Coffee total,8.387347942989024,9131761.0,56579.504175468,56.691546488787864,6.759174279418833
2023,BEL,Belgium,901,"Coffee, whether or not roasted or decaffeinated; husks and skins; coffee substitutes containing coffee in any proportion",169341146.224,877593393.375,Coffee,Coffee total,5.182399038531029,11779946.0,55291.4754541329,74.4989317756635,14.375375423962046
2023,BGR,Bulgaria,901,"Coffee, whether or not roasted or decaffeinated; husks and skins; coffee substitutes containing coffee in any proportion",34097436.18,172308823.404,Coffee,Coffee total,5.053424618038247,6446596.0,15853.208636704,26.72865236226995,5.289215607740892
2023,AUT,Austria,1801,"Cocoa beans; whole or broken, raw or roasted",23093467.607,70203016.251,Cocoa,Cocoa beans,3.039951273048329,9131761.0,56579.504175468,7.687785110779838,2.528917216186451
2023,BEL,Belgium,1801,"Cocoa beans; whole or broken, raw or roasted",106680645.64,333075083.676,Cocoa,Cocoa beans,3.1221697401418163,11779946.0,55291.4754541329,28.274754712457934,9.056123486474386
2023,BGR,Bulgaria,1801,"Cocoa beans; whole or broken, raw or roasted",37450914.0,98533837.626,Cocoa,Cocoa beans,2.6310128939977275,6446596.0,15853.208636704,15.284630466373262,5.809409182768705
2023,AUT,Austria,1806,Chocolate and other food preparations containing cocoa,93978728.224,633066043.297,Cocoa,Chocolate and cocoa preparations,6.736269528866954,9131761.0,56579.504175468,69.32573501398033,10.291413476984342
2023,BEL,Belgium,1806,Chocolate and other food preparations containing cocoa,,1110888023.64,Cocoa,Chocolate and cocoa preparations,,11779946.0,55291.4754541329,94.3033205449329,
2023,BGR,Bulgaria,1806,Chocolate and other food preparations containing cocoa,46931602.667,281502087.887,Cocoa,Chocolate and cocoa preparations,5.998134985595505,6446596.0,15853.208636704,43.66677978378047,7.280059533279269
2023,HRV,Croatia,901,"Coffee, whether or not roasted or decaffeinated; husks and skins; coffee substitutes containing coffee in any proportion",20474827.698,111910309.0,Coffee,Coffee total,5.465750952860595,3859686.0,22184.2279304842,28.99466666459396,5.3047910368874565
2023,CYP,Cyprus,901,"Coffee, whether or not roasted or decaffeinated; husks and skins; coffee substitutes containing coffee in any proportion",3665039.056,38957050.898,Coffee,Coffee total,10.629368555902232,1344976.0,36623.69140625,28.964866955246787,2.724984725377999
2023,CZE,Czechia,901,"Coffee, whether or not roasted or decaffeinated; husks and skins; coffee substitutes containing coffee in any proportion",66267077.162,373554609.0,Coffee,Coffee total,5.6371070673117005,10864042.0,31761.5944102491,34.38449602827382,6.099670561104237
2023,DNK,Denmark,901,"Coffee, whether or not roasted or decaffeinated; husks and skins; coffee substitutes containing coffee in any proportion",41775612.496,300755232.089,Coffee,Coffee total,7.199301557045925,5946952.0,68043.5466971243,50.57300480800921,7.0247098843239355
2023,HRV,Croatia,1801,"Cocoa beans; whole or broken, raw or roasted",2165514.139,6457958.0,Cocoa,Cocoa beans,2.982182329680924,3859686.0,22184.2279304842,1.6731822225953095,0.5610596662526434
2023,CYP,Cyprus,1801,"Cocoa beans; whole or broken, raw or roasted",789.0,5969.684,Cocoa,Cocoa beans,7.566139416983524,1344976.0,36623.69140625,0.004438505965905712,0.0005866275680755642
2023,CZE,Czechia,1801,"Cocoa beans; whole or broken, raw or roasted",90701.315,594712.0,Cocoa,Cocoa beans,6.5568178366542975,10864042.0,31761.5944102491,0.05474132003539751,0.008348763287181695
2023,DNK,Denmark,1801,"Cocoa beans; whole or broken, raw or roasted",49744.0,506320.528,Cocoa,Cocoa beans,10.17852460598263,5946952.0,68043.5466971243,0.08513950137818499,0.008364621069751362
2023,HRV,Croatia,1806,Chocolate and other food preparations containing cocoa,48591418.669,268468406.0,Cocoa,Chocolate and cocoa preparations,5.525016831238878,3859686.0,22184.2279304842,69.55705878664742,12.589474550261343
2023,CYP,Cyprus,1806,Chocolate and other food preparations containing cocoa,5667670.0,42387724.845,Cocoa,Chocolate and cocoa preparations,7.478862538750492,1344976.0,36623.69140625,31.515599419617896,4.213956234163287
2023,CZE,Czechia,1806,Chocolate and other food preparations containing cocoa,,566918308.0,Cocoa,Chocolate and cocoa preparations,,10864042.0,31761.5944102491,52.18300039708978,
2023,DNK,Denmark,1806,Chocolate and other food preparations containing cocoa,62516248.0,444515762.642,Cocoa,Chocolate and cocoa preparations,7.110403724836462,5946952.0,68043.5466971243,74.74682200932511,10.512317570412542
2023,EST,Estonia,901,"Coffee, whether or not roasted or decaffeinated; husks and skins; coffee substitutes containing coffee in any proportion",11172399.482,69781916.45,Coffee,Coffee total,6.245920275445446,1370286.0,30264.0064885057,50.925074364037876,8.153334035376558
2023,FIN,Finland,901,"Coffee, whether or not roasted or decaffeinated; husks and skins; coffee substitutes containing coffee in any proportion",58505730.438,314910762.981,Coffee,Coffee total,5.3825627100702365,5583911.0,52834.2916752703,56.39609280681587,10.477554251491473
2023,FRA,France,901,"Coffee, whether or not roasted or decaffeinated; husks and skins; coffee substitutes containing coffee in any proportion",380520779.628,3336532564.957,Coffee,Coffee total,8.768332095342648,68372286.0,44700.1384177544,48.79948821598564,5.56542426602498
2023,EST,Estonia,1801,"Cocoa beans; whole or broken, raw or roasted",18772838.45,51960758.41,Cocoa,Cocoa beans,2.7678690437992874,1370286.0,30264.0064885057,37.91964481137514,13.69994180047085
2023,FIN,Finland,1801,"Cocoa beans; whole or broken, raw or roasted",41467.875,256131.992,Cocoa,Cocoa beans,6.176636540936809,5583911.0,52834.2916752703,0.045869640830593465,0.007426313743181079
2023,FRA,France,1801,"Cocoa beans; whole or broken, raw or roasted",,481172978.732,Cocoa,Cocoa beans,,68372286.0,44700.1384177544,7.037544111542504,
2023,EST,Estonia,1806,Chocolate and other food preparations containing cocoa,11844498.104,76746533.25,Cocoa,Chocolate and cocoa preparations,6.479509100016823,1370286.0,30264.0064885057,56.00767522254478,8.643814578854341
2023,FIN,Finland,1806,Chocolate and other food preparations containing cocoa,29540159.34,205699413.424,Cocoa,Chocolate and cocoa preparations,6.963381986415514,5583911.0,52834.2916752703,36.837874640910286,5.290227466017994
2023,FRA,France,1806,Chocolate and other food preparations containing cocoa,503157006.403,2746172697.366,Cocoa,Chocolate and cocoa preparations,5.4578842437234645,68372286.0,44700.1384177544,40.1649975161866,7.35907830261811
2023,DEU,Germany,901,"Coffee, whether or not roasted or decaffeinated; husks and skins; coffee substitutes containing coffee in any proportion",1022186797.528,4192865382.429,Coffee,Coffee total,4.101858283210851,83287273.0,54776.7668235491,50.342209936793104,12.273025165897796
2023,GRC,Greece,901,"Coffee, whether or not roasted or decaffeinated; husks and skins; coffee substitutes containing coffee in any proportion",56846759.0,375968936.903,Coffee,Coffee total,6.613726860013251,10407351.0,23343.7103964562,36.12532496530577,5.462173707795577
2023,DEU,Germany,1801,"Cocoa beans; whole or broken, raw or roasted",292655512.849,907974580.96,Cocoa,Cocoa beans,3.1025370823220513,83287273.0,54776.7668235491,10.901720614144732,3.5138083203780726
2023,GRC,Greece,1801,"Cocoa beans; whole or broken, raw or roasted",4167939.0,13803834.184,Cocoa,Cocoa beans,3.3119088796645055,10407351.0,23343.7103964562,1.3263542455712314,0.40048029512985583
2023,DEU,Germany,1806,Chocolate and other food preparations containing cocoa,540035699.72,3153913875.24,Cocoa,Chocolate and cocoa preparations,5.84019515168211,83287273.0,54776.7668235491,37.86789699838053,6.484012265835622
2023,GRC,Greece,1806,Chocolate and other food preparations containing cocoa,34421985.803,185897954.127,Cocoa,Chocolate and cocoa preparations,5.400558677553063,10407351.0,23343.7103964562,17.86217781325911,3.307468519414787
2023,HUN,Hungary,901,"Coffee, whether or not roasted or decaffeinated; husks and skins; coffee substitutes containing coffee in any proportion",24243367.202,144630387.315,Coffee,Coffee total,5.965771425640431,9592186.0,22230.6277875187,15.07793815872628,2.5274079549750184
2023,IRL,Ireland,901,"Coffee, whether or not roasted or decaffeinated; husks and skins; coffee substitutes containing coffee in any proportion",21658494.018,141865514.828,Coffee,Coffee total,6.550109841898427,5311538.0,106818.917130804,26.708933425309205,4.077631378708013
2023,ITA,Italy,901,"Coffee, whether or not roasted or decaffeinated; husks and skins; coffee substitutes containing coffee in any proportion",666876821.0,2484604701.561,Coffee,Coffee total,3.7257325840704243,58984216.0,39277.0838783918,42.12321312469424,11.306021614324754
2023,LVA,Latvia,901,"Coffee, whether or not roasted or decaffeinated; husks and skins; coffee substitutes containing coffee in any proportion",10801150.866,86785902.173,Coffee,Coffee total,8.034875472963327,1883710.0,22710.2637544197,46.07179564423398,5.733977558116695
2023,LTU,Lithuania,901,"Coffee, whether or not roasted or decaffeinated; husks and skins; coffee substitutes containing coffee in any proportion",23415376.756,196938520.0,Coffee,Coffee total,8.410649209372046,2871585.0,27786.0057829276,68.58181805518555,8.154164601082678
2023,LUX,Luxembourg,901,"Coffee, whether or not roasted or decaffeinated; husks and skins; coffee substitutes containing coffee in any proportion",16387926.037,138205472.894,Coffee,Coffee total,8.433371775169428,666430.0,133230.619178899,207.38182989061116,24.59061872514743
2023,MLT,Malta,901,"Coffee, whether or not roasted or decaffeinated; husks and skins; coffee substitutes containing coffee in any proportion",869016.0,9839677.438,Coffee,Coffee total,11.322780521877617,552747.0,40905.8059585057,17.801412649910354,1.5721767825062822
2023,HUN,Hungary,1801,"Cocoa beans; whole or broken, raw or roasted",19734.964,178674.572,Cocoa,Cocoa beans,9.053706507901406,9592186.0,22230.6277875187,0.018627096263562862,0.0020574000545860974
2023,IRL,Ireland,1801,"Cocoa beans; whole or broken, raw or roasted",76354.0,360755.544,Cocoa,Cocoa beans,4.724775964586007,5311538.0,106818.917130804,0.06791922490246705,0.014375120727744018
2023,ITA,Italy,1801,"Cocoa beans; whole or broken, raw or roasted",101547826.0,321594783.902,Cocoa,Cocoa beans,3.166929284158186,58984216.0,39277.0838783918,5.45221765602513,1.7216101677099513
2023,LVA,Latvia,1801,"Cocoa beans; whole or broken, raw or roasted",37897.42,390047.111,Cocoa,Cocoa beans,10.292181130008322,1883710.0,22710.2637544197,0.2070632480583529,0.020118500193766556
2023,LTU,Lithuania,1801,"Cocoa beans; whole or broken, raw or roasted",2828791.5,2969578.0,Cocoa,Cocoa beans,1.049769132861153,2871585.0,27786.0057829276,1.0341250563713071,0.9850976028917827
2023,LUX,Luxembourg,1801,"Cocoa beans; whole or broken, raw or roasted",6631.478,46151.843,Cocoa,Cocoa beans,6.959510836045901,666430.0,133230.619178899,0.06925234908392479,0.009950749516078208
2023,MLT,Malta,1801,"Cocoa beans; whole or broken, raw or roasted",575.0,9644.916,Cocoa,Cocoa beans,16.773766956521737,552747.0,40905.8059585057,0.017449060781876698,0.0010402589249692898
2023,HUN,Hungary,1806,Chocolate and other food preparations containing cocoa,72383889.818,386550523.0,Cocoa,Chocolate and cocoa preparations,5.340283921904883,9592186.0,22230.6277875187,40.29848076340471,7.5461307587238196
2023,IRL,Ireland,1806,Chocolate and other food preparations containing cocoa,68900157.346,448573513.472,Cocoa,Chocolate and cocoa preparations,6.510486053310036,5311538.0,106818.917130804,84.45266012819638,12.97179034509402
2023,ITA,Italy,1806,Chocolate and other food preparations containing cocoa,130198050.757,779927723.055,Cocoa,Chocolate and cocoa preparations,5.990317969588095,58984216.0,39277.0838783918,13.222651345488766,2.2073371418041736
2023,LVA,Latvia,1806,Chocolate and other food preparations containing cocoa,19357855.738,103930161.137,Cocoa,Chocolate and cocoa preparations,5.368888090894398,1883710.0,22710.2637544197,55.17312173158288,10.276452181068212
2023,LTU,Lithuania,1806,Chocolate and other food preparations containing cocoa,35558656.03,184262757.0,Cocoa,Chocolate and cocoa preparations,5.181938171244207,2871585.0,27786.0057829276,64.16761370462653,12.382936959901937
2023,LUX,Luxembourg,1806,Chocolate and other food preparations containing cocoa,7801222.972,77980855.666,Cocoa,Chocolate and cocoa preparations,9.995978315949612,666430.0,133230.619178899,117.01282305118316,11.705990084479991
2023,MLT,Malta,1806,Chocolate and other food preparations containing cocoa,3741260.0,29963820.811,Cocoa,Chocolate and cocoa preparations,8.009018568877865,552747.0,40905.8059585057,54.208925260562246,6.768485401096704
2023,NLD,Netherlands,901,"Coffee, whether or not roasted or decaffeinated; husks and skins; coffee substitutes containing coffee in any proportion",252724386.484,1464979535.374,Coffee,Coffee total,5.7967478158929,17877117.0,63515.6030780019,81.94719178567775,14.136752949818474
2023,POL,Poland,901,"Coffee, whether or not roasted or decaffeinated; husks and skins; coffee substitutes containing coffee in any proportion",197406694.723,1004019509.0,Coffee,Coffee total,5.086045893270412,36687353.0,22145.2660647429,27.366910580875103,5.380783255826605
2023,PRT,Portugal,901,"Coffee, whether or not roasted or decaffeinated; husks and skins; coffee substitutes containing coffee in any proportion",63697180.515,381815102.233,Coffee,Coffee total,5.994222964752524,10578174.0,27634.6183139773,36.09461351581095,6.021566719832743
2023,ROU,Romania,901,"Coffee, whether or not roasted or decaffeinated; husks and skins; coffee substitutes containing coffee in any proportion",57868735.606,384884253.68,Coffee,Coffee total,6.6509877855374135,19061062.0,18244.4186876321,20.192172591432733,3.0359659711510303
2023,NLD,Netherlands,1801,"Cocoa beans; whole or broken, raw or roasted",798132036.167,2218659815.172,Cocoa,Cocoa beans,2.779815512514737,17877117.0,63515.6030780019,124.10613048916109,44.645455761519045
2023,POL,Poland,1801,"Cocoa beans; whole or broken, raw or roasted",11713673.901,38361489.0,Cocoa,Cocoa beans,3.2749322991418657,36687353.0,22145.2660647429,1.0456325099278763,0.3192837025064196
2023,PRT,Portugal,1801,"Cocoa beans; whole or broken, raw or roasted",162208.0,653784.746,Cocoa,Cocoa beans,4.030533302919708,10578174.0,27634.6183139773,0.061805066356443,0.015334215527178887
2023,ROU,Romania,1801,"Cocoa beans; whole or broken, raw or roasted",16042.932,101320.98,Cocoa,Cocoa beans,6.315614876382945,19061062.0,18244.4186876321,0.0053155999387652164,0.0008416599243001256
2023,NLD,Netherlands,1806,Chocolate and other food preparations containing cocoa,309629854.298,1718873891.677,Cocoa,Chocolate and cocoa preparations,5.5513829426237695,17877117.0,63515.6030780019,96.1493898416059,17.319898633431777
2023,POL,Poland,1806,Chocolate and other food preparations containing cocoa,233285063.102,1221940852.0,Cocoa,Chocolate and cocoa preparations,5.237972957855972,36687353.0,22145.2660647429,33.306868773007416,6.358732479336953
2023,PRT,Portugal,1806,Chocolate and other food preparations containing cocoa,58714884.443,319237721.031,Cocoa,Chocolate and cocoa preparations,5.43708335730293,10578174.0,27634.6183139773,30.17890621112869,5.550568977500276
2023,ROU,Romania,1806,Chocolate and other food preparations containing cocoa,,499222686.98,Cocoa,Chocolate and cocoa preparations,,19061062.0,18244.4186876321,26.190706844141214,
2023,SVK,Slovakia,901,"Coffee, whether or not roasted or decaffeinated; husks and skins; coffee substitutes containing coffee in any proportion",35184154.239,222810367.153,Coffee,Coffee total,6.3326907232013285,5426740.0,24614.8734642794,41.05786662950501,6.483478891378618
2023,SVN,Slovenia,901,"Coffee, whether or not roasted or decaffeinated; husks and skins; coffee substitutes containing coffee in any proportion",22706741.523,109610398.198,Coffee,Coffee total,4.827218299330795,2120461.0,32660.4753581346,51.69177749461084,10.708398561916487
2023,SVK,Slovakia,1801,"Cocoa beans; whole or broken, raw or roasted",8860884.314,33122557.862,Cocoa,Cocoa beans,3.738064586811849,5426740.0,24614.8734642794,6.103582972834519,1.6328190246814844
2023,SVN,Slovenia,1801,"Cocoa beans; whole or broken, raw or roasted",29846.734,161862.598,Cocoa,Cocoa beans,5.423125960783515,2120461.0,32660.4753581346,0.07633368310004286,0.014075587336904569
2023,SVK,Slovakia,1806,Chocolate and other food preparations containing cocoa,56195092.673,335876901.041,Cocoa,Chocolate and cocoa preparations,5.9769792176600225,5426740.0,24614.8734642794,61.89294144200754,10.355221122257563
2023,SVN,Slovenia,1806,Chocolate and other food preparations containing cocoa,23674985.553,156419301.546,Cocoa,Chocolate and cocoa preparations,6.606943906927925,2120461.0,32660.4753581346,73.76664864196984,11.165018150770045
2023,ESP,Spain,901,"Coffee, whether or not roasted or decaffeinated; husks and skins; coffee substitutes containing coffee in any proportion",,1392296928.936,Coffee,Coffee total,,48352528.0,33493.2225409111,28.794708085087095,
2023,ESP,Spain,1801,"Cocoa beans; whole or broken, raw or roasted",97800485.374,283360652.368,Cocoa,Cocoa beans,2.897333804473435,48352528.0,33493.2225409111,5.860306877191611,2.0226550589867816
2023,ESP,Spain,1806,Chocolate and other food preparations containing cocoa,163562141.828,837330703.873,Cocoa,Chocolate and cocoa preparations,5.119342988021806,48352528.0,33493.2225409111,17.31720632834337,3.3827009381598416
2023,SWE,Sweden,901,"Coffee, whether or not roasted or decaffeinated; husks and skins; coffee substitutes containing coffee in any proportion",104351995.427,528199864.371,Coffee,Coffee total,5.061713120191411,10536632.0,54950.2834725622,50.12985784935832,9.903733510575297
2023,SWE,Sweden,1801,"Cocoa beans; whole or broken, raw or roasted",72098.269,333171.169,Cocoa,Cocoa beans,4.621070292270123,10536632.0,54950.2834725622,0.03162027192370389,0.006842629504380527
2023,SWE,Sweden,1806,Chocolate and other food preparations containing cocoa,84663984.796,510538493.666,Cocoa,Chocolate and cocoa preparations,6.030173218236246,10536632.0,54950.2834725622,48.453670363167284,8.03520373455199
2024,AUT,Austria,901,"Coffee, whether or not roasted or decaffeinated; husks and skins; coffee substitutes containing coffee in any proportion",60392238.164,531520212.664,Coffee,Coffee total,8.801134530245657,9177982.0,58268.8787651601,57.9125359653135,6.58012166116691
2024,BEL,Belgium,901,"Coffee, whether or not roasted or decaffeinated; husks and skins; coffee substitutes containing coffee in any proportion",171108601.92,947009249.709,Coffee,Coffee total,5.534550800384449,11858610.0,56614.5679499036,79.85836870501686,14.429060566120311
2024,BGR,Bulgaria,901,"Coffee, whether or not roasted or decaffeinated; husks and skins; coffee substitutes containing coffee in any proportion",40469273.971,235715184.629,Coffee,Coffee total,5.824546909290042,6441421.0,17596.0173663521,36.593662272501675,6.282662470128874
2024,AUT,Austria,1801,"Cocoa beans; whole or broken, raw or roasted",20828861.475,138389638.138,Cocoa,Cocoa beans,6.644128787552945,9177982.0,58268.8787651601,15.078438608617887,2.2694380393206264
2024,BEL,Belgium,1801,"Cocoa beans; whole or broken, raw or roasted",121054586.49,727437638.471,Cocoa,Cocoa beans,6.009170404552096,11858610.0,56614.5679499036,61.34257206122808,10.208159850943744
2024,BGR,Bulgaria,1801,"Cocoa beans; whole or broken, raw or roasted",34827966.0,131748754.733,Cocoa,Cocoa beans,3.782843785163911,6441421.0,17596.0173663521,20.453368089587684,5.406876215667319
2024,AUT,Austria,1806,Chocolate and other food preparations containing cocoa,97144676.102,736271621.818,Cocoa,Chocolate and cocoa preparations,7.579124779261493,9177982.0,58268.8787651601,80.22151512369494,10.584535478714166
2024,BEL,Belgium,1806,Chocolate and other food preparations containing cocoa,221913570.261,1356006673.144,Cocoa,Chocolate and cocoa preparations,6.110517133085439,11858610.0,56614.5679499036,114.34785975287154,18.713286823750845
2024,BGR,Bulgaria,1806,Chocolate and other food preparations containing cocoa,46888366.737,329274317.726,Cocoa,Chocolate and cocoa preparations,7.0225162580927964,6441421.0,17596.0173663521,51.11827308384284,7.279196117906283
2024,HRV,Croatia,901,"Coffee, whether or not roasted or decaffeinated; husks and skins; coffee substitutes containing coffee in any proportion",20043032.604,129932114.0,Coffee,Coffee total,6.482657418522054,3866200.0,24050.4397933135,33.607188971082714,5.18416859034711
2024,CYP,Cyprus,901,"Coffee, whether or not roasted or decaffeinated; husks and skins; coffee substitutes containing coffee in any proportion",3853176.0,43331501.958,Coffee,Coffee total,11.245658635369887,1358282.0,38674.29296875,31.90169784919479,2.836801194450048
2024,CZE,Czechia,901,"Coffee, whether or not roasted or decaffeinated; husks and skins; coffee substitutes containing coffee in any proportion",54424312.922,376906978.0,Coffee,Coffee total,6.925341961416705,10905028.0,31823.3078290564,34.56267861027042,4.990754074359094
2024,DNK,Denmark,901,"Coffee, whether or not roasted or decaffeinated; husks and skins; coffee substitutes containing coffee in any proportion",41537699.0,317184420.765,Coffee,Coffee total,7.636061418929343,5976992.0,71026.4832271897,53.06756655605361,6.949599229846719
2024,HRV,Croatia,1801,"Cocoa beans; whole or broken, raw or roasted",1267411.911,10172408.0,Cocoa,Cocoa beans,8.026126243340945,3866200.0,24050.4397933135,2.63111272050075,0.32781850680254515
2024,CYP,Cyprus,1801,"Cocoa beans; whole or broken, raw or roasted",285.0,2803.365,Cocoa,Cocoa beans,9.836368421052631,1358282.0,38674.29296875,0.0020639049917469273,0.00020982388046075851
2024,CZE,Czechia,1801,"Cocoa beans; whole or broken, raw or roasted",,1086534.0,Cocoa,Cocoa beans,,10905028.0,31823.3078290564,0.0996360577891226,
2024,DNK,Denmark,1801,"Cocoa beans; whole or broken, raw or roasted",71825.0,857138.571,Cocoa,Cocoa beans,11.933707915071354,5976992.0,71026.4832271897,0.14340634402722974,0.01201691419362783
2024,HRV,Croatia,1806,Chocolate and other food preparations containing cocoa,50791626.277,349852095.0,Cocoa,Chocolate and cocoa preparations,6.8879876594623575,3866200.0,24050.4397933135,90.48991128239615,13.137350958822617
2024,CYP,Cyprus,1806,Chocolate and other food preparations containing cocoa,6359761.0,50302159.841,Cocoa,Chocolate and cocoa preparations,7.909441854969078,1358282.0,38674.29296875,37.03366446805597,4.682209585343839
2024,CZE,Czechia,1806,Chocolate and other food preparations containing cocoa,102133990.684,666947642.0,Cocoa,Chocolate and cocoa preparations,6.530124178379745,10905028.0,31823.3078290564,61.15964507381366,9.365770604532148
2024,DNK,Denmark,1806,Chocolate and other food preparations containing cocoa,63640860.27,504063742.894,Cocoa,Chocolate and cocoa preparations,7.920442004641053,5976992.0,71026.4832271897,84.33401665821202,10.647640195938024
2024,EST,Estonia,901,"Coffee, whether or not roasted or decaffeinated; husks and skins; coffee substitutes containing coffee in any proportion",12234083.92,80272148.78,Coffee,Coffee total,6.561353453589846,1372341.0,31428.3547816104,58.49285912174889,8.914755093668411
2024,FIN,Finland,901,"Coffee, whether or not roasted or decaffeinated; husks and skins; coffee substitutes containing coffee in any proportion",63882567.142,354725810.892,Coffee,Coffee total,5.552779525962151,5619911.0,53149.7671934051,63.119471267783425,11.36718484367457
2024,FRA,France,901,"Coffee, whether or not roasted or decaffeinated; husks and skins; coffee substitutes containing coffee in any proportion",381496182.212,3417785555.365,Coffee,Coffee total,8.958898449646117,68551653.0,46103.0840855884,49.85708448729894,5.565090928033493
2024,EST,Estonia,1801,"Cocoa beans; whole or broken, raw or roasted",25085310.105,153415266.32,Cocoa,Cocoa beans,6.115741271598683,1372341.0,31428.3547816104,111.790922460234,18.27921056428395
2024,FIN,Finland,1801,"Cocoa beans; whole or broken, raw or roasted",42340.0,419223.351,Cocoa,Cocoa beans,9.901354534718942,5619911.0,53149.7671934051,0.07459608363904696,0.007533927138703798
2024,FRA,France,1801,"Cocoa beans; whole or broken, raw or roasted",127941092.362,753855775.613,Cocoa,Cocoa beans,5.89220993580405,68551653.0,46103.0840855884,10.996901498684503,1.866345839421261
2024,EST,Estonia,1806,Chocolate and other food preparations containing cocoa,11804378.026,86421414.0,Cocoa,Chocolate and cocoa preparations,7.32113236374255,1372341.0,31428.3547816104,62.973717173792814,8.601636201206551
2024,FIN,Finland,1806,Chocolate and other food preparations containing cocoa,28034387.069,208075993.855,Cocoa,Chocolate and cocoa preparations,7.42217025622391,5619911.0,53149.7671934051,37.024784530395586,4.98840409910406
2024,FRA,France,1806,Chocolate and other food preparations containing cocoa,517555325.223,3380260250.673,Cocoa,Chocolate and cocoa preparations,6.5312056237012746,68551653.0,46103.0840855884,49.30968259325563,7.549859158363402
2024,DEU,Germany,901,"Coffee, whether or not roasted or decaffeinated; husks and skins; coffee substitutes containing coffee in any proportion",1211124229.264,5463719519.39,Coffee,Coffee total,4.511279179601833,83516593.0,56103.7323182554,65.42076637860455,14.501600050471406
2024,GRC,Greece,901,"Coffee, whether or not roasted or decaffeinated; husks and skins; coffee substitutes containing coffee in any proportion",58884250.85,427277051.102,Coffee,Coffee total,7.256219531270474,10405134.0,24626.1481858973,41.06406040537296,5.659153534207248
2024,DEU,Germany,1801,"Cocoa beans; whole or broken, raw or roasted",252849897.653,1557322752.756,Cocoa,Cocoa beans,6.15908002024664,83516593.0,56103.7323182554,18.64686641079815,3.027540858293872
2024,GRC,Greece,1801,"Cocoa beans; whole or broken, raw or roasted",4411998.0,34231405.558,Cocoa,Cocoa beans,7.758708312651093,10405134.0,24626.1481858973,3.2898572529676215,0.42402125719860984
2024,DEU,Germany,1806,Chocolate and other food preparations containing cocoa,532771028.617,3692456123.432,Cocoa,Chocolate and cocoa preparations,6.93066237670075,83516593.0,56103.7323182554,44.212245624435376,6.379223690518601
2024,GRC,Greece,1806,Chocolate and other food preparations containing cocoa,40293268.906,225920242.511,Cocoa,Chocolate and cocoa preparations,5.606897842864236,10405134.0,24626.1481858973,21.712381840637516,3.872441133963292
2024,HUN,Hungary,901,"Coffee, whether or not roasted or decaffeinated; husks and skins; coffee substitutes containing coffee in any proportion",26363168.962,182143354.165,Coffee,Coffee total,6.909008337637342,9562065.0,23292.3263882478,19.0485375454988,2.7570581210230216
2024,IRL,Ireland,901,"Coffee, whether or not roasted or decaffeinated; husks and skins; coffee substitutes containing coffee in any proportion",19213687.681,140204474.114,Coffee,Coffee total,7.297114246977437,5395790.0,112894.953240805,25.984049437431775,3.5608664683021396
2024,ITA,Italy,901,"Coffee, whether or not roasted or decaffeinated; husks and skins; coffee substitutes containing coffee in any proportion",677829807.0,3112607608.601,Coffee,Coffee total,4.592019377809686,58952704.0,40385.3413957669,52.79838578059116,11.497857791221925
2024,LVA,Latvia,901,"Coffee, whether or not roasted or decaffeinated; husks and skins; coffee substitutes containing coffee in any proportion",11237872.742,93774347.372,Coffee,Coffee total,8.344492727839077,1866124.0,23409.0845154775,50.25086616537808,6.022039661887421
2024,LTU,Lithuania,901,"Coffee, whether or not roasted or decaffeinated; husks and skins; coffee substitutes containing coffee in any proportion",26424509.338,231606934.0,Coffee,Coffee total,8.76485277503093,2888278.0,29384.0189598663,80.1885878021437,9.148880176354215
2024,LUX,Luxembourg,901,"Coffee, whether or not roasted or decaffeinated; husks and skins; coffee substitutes containing coffee in any proportion",15843497.192,137641661.112,Coffee,Coffee total,8.68758074331598,677012.0,137781.681659123,203.30756487625032,23.402092122443914
2024,MLT,Malta,901,"Coffee, whether or not roasted or decaffeinated; husks and skins; coffee substitutes containing coffee in any proportion",967311.0,11152593.9,Coffee,Coffee total,11.529481107937364,568847.0,43898.5781808597,19.605612581238894,1.7004765780605329
2024,HUN,Hungary,1801,"Cocoa beans; whole or broken, raw or roasted",15189.663,191780.251,Cocoa,Cocoa beans,12.625708088454628,9562065.0,23292.3263882478,0.02005636345287341,0.0015885337529079754
2024,IRL,Ireland,1801,"Cocoa beans; whole or broken, raw or roasted",34432.189,197529.022,Cocoa,Cocoa beans,5.736754697762608,5395790.0,112894.953240805,0.03660798919157343,0.006381306351803906
2024,ITA,Italy,1801,"Cocoa beans; whole or broken, raw or roasted",91556463.0,558373398.636,Cocoa,Cocoa beans,6.098678130849158,58952704.0,40385.3413957669,9.471548559265408,1.5530494241621216
2024,LVA,Latvia,1801,"Cocoa beans; whole or broken, raw or roasted",2273.0,36567.694,Cocoa,Cocoa beans,16.08785481742191,1866124.0,23409.0845154775,0.019595532772741793,0.0012180326709264765
2024,LTU,Lithuania,1801,"Cocoa beans; whole or broken, raw or roasted",1723891.91,7005882.0,Cocoa,Cocoa beans,4.063991459882192,2888278.0,29384.0189598663,2.4256259265901687,0.5968580275167418
2024,LUX,Luxembourg,1801,"Cocoa beans; whole or broken, raw or roasted",32160.63,227485.384,Cocoa,Cocoa beans,7.073411932539878,677012.0,137781.681659123,0.3360138136399355,0.047503781321453685
2024,MLT,Malta,1801,"Cocoa beans; whole or broken, raw or roasted",252.0,4264.579,Cocoa,Cocoa beans,16.922932539682538,568847.0,43898.5781808597,0.007496882289965491,0.000443001369436773
2024,HUN,Hungary,1806,Chocolate and other food preparations containing cocoa,,465354358.986,Cocoa,Chocolate and cocoa preparations,,9562065.0,23292.3263882478,48.66672198798063,
2024,IRL,Ireland,1806,Chocolate and other food preparations containing cocoa,88264695.676,519183589.79,Cocoa,Chocolate and cocoa preparations,5.882120657797396,5395790.0,112894.953240805,96.22012528100612,16.358067247984078
2024,ITA,Italy,1806,Chocolate and other food preparations containing cocoa,129310652.031,903522113.395,Cocoa,Chocolate and cocoa preparations,6.9872210773355015,58952704.0,40385.3413957669,15.32622003894851,2.1934643070994673
2024,LVA,Latvia,1806,Chocolate and other food preparations containing cocoa,19550393.512,112227672.373,Cocoa,Chocolate and cocoa preparations,5.740430355231205,1866124.0,23409.0845154775,60.13945074014374,10.476470755426755
2024,LTU,Lithuania,1806,Chocolate and other food preparations containing cocoa,32718337.229,202957504.0,Cocoa,Chocolate and cocoa preparations,6.203172935698823,2888278.0,29384.0189598663,70.26937988656216,11.327973702323668
2024,LUX,Luxembourg,1806,Chocolate and other food preparations containing cocoa,8354810.806,88584611.431,Cocoa,Chocolate and cocoa preparations,10.602826741137338,677012.0,137781.681659123,130.8464420586341,12.340713024289082
2024,MLT,Malta,1806,Chocolate and other food preparations containing cocoa,4103308.0,31543005.208,Cocoa,Chocolate and cocoa preparations,7.687213635437554,568847.0,43898.5781808597,55.450771838473266,7.213377235003437
2024,NLD,Netherlands,901,"Coffee, whether or not roasted or decaffeinated; husks and skins; coffee substitutes containing coffee in any proportion",248121487.07,1527900894.128,Coffee,Coffee total,6.15787416144636,17993485.0,67520.4218956281,84.9141172000866,13.78951809891191
2024,POL,Poland,901,"Coffee, whether or not roasted or decaffeinated; husks and skins; coffee substitutes containing coffee in any proportion",210268471.557,1237634311.0,Coffee,Coffee total,5.8859718807843215,36559233.0,25103.565661423,33.85285219194834,5.751446469268106
2024,PRT,Portugal,901,"Coffee, whether or not roasted or decaffeinated; husks and skins; coffee substitutes containing coffee in any proportion",72974400.829,449008192.165,Coffee,Coffee total,6.152954831614929,10694681.0,29292.242104753,41.98425293517404,6.823429406543308
2024,ROU,Romania,901,"Coffee, whether or not roasted or decaffeinated; husks and skins; coffee substitutes containing coffee in any proportion",64173181.505,460832640.79,Coffee,Coffee total,7.1810782944288745,19051804.0,20080.2096215595,24.18839920828495,3.3683519684015226
2024,NLD,Netherlands,1801,"Cocoa beans; whole or broken, raw or roasted",817559370.037,4265789228.487,Cocoa,Cocoa beans,5.217711868795467,17993485.0,67520.4218956281,237.07409812423774,45.436410458396466
2024,POL,Poland,1801,"Cocoa beans; whole or broken, raw or roasted",10937229.391,61723564.0,Cocoa,Cocoa beans,5.64343690649763,36559233.0,25103.565661423,1.6883167105830694,0.2991646293837729
2024,PRT,Portugal,1801,"Cocoa beans; whole or broken, raw or roasted",64614.794,324831.819,Cocoa,Cocoa beans,5.027205054619535,10694681.0,29292.242104753,0.030373212534343007,0.006041769174788851
2024,ROU,Romania,1801,"Cocoa beans; whole or broken, raw or roasted",14626.15,117365.98,Cocoa,Cocoa beans,8.02439329556992,19051804.0,20080.2096215595,0.006160360457203948,0.0007677042027096227
2024,NLD,Netherlands,1806,Chocolate and other food preparations containing cocoa,321542789.309,2060338056.222,Cocoa,Chocolate and cocoa preparations,6.407663691198597,17993485.0,67520.4218956281,114.50466967471837,17.86995622632303
2024,POL,Poland,1806,Chocolate and other food preparations containing cocoa,229637546.011,1481378586.0,Cocoa,Chocolate and cocoa preparations,6.450942416572591,36559233.0,25103.565661423,40.51995800896589,6.281246272617372
2024,PRT,Portugal,1806,Chocolate and other food preparations containing cocoa,62649880.2,364262407.048,Cocoa,Chocolate and cocoa preparations,5.8142554444661165,10694681.0,29292.242104753,34.0601470065353,5.858041039279246
2024,ROU,Romania,1806,Chocolate and other food preparations containing cocoa,96530571.601,611028029.51,Cocoa,Chocolate and cocoa preparations,6.3298913429791615,19051804.0,20080.2096215595,32.0719250266274,5.066741795212674
2024,SVK,Slovakia,901,"Coffee, whether or not roasted or decaffeinated; husks and skins; coffee substitutes containing coffee in any proportion",34083844.083,222354382.299,Coffee,Coffee total,6.523747196986613,5422069.0,25992.6748502048,41.009139186351184,6.286132486141359
2024,SVN,Slovenia,901,"Coffee, whether or not roasted or decaffeinated; husks and skins; coffee substitutes containing coffee in any proportion",21421432.668,111464723.391,Coffee,Coffee total,5.203420570348194,2127400.0,34301.0318686594,52.394812160853625,10.069301808780672
2024,SVK,Slovakia,1801,"Cocoa beans; whole or broken, raw or roasted",15262474.0,107504721.332,Cocoa,Cocoa beans,7.043728384533202,5422069.0,25992.6748502048,19.82725069194066,2.8148800762218262
2024,SVN,Slovenia,1801,"Cocoa beans; whole or broken, raw or roasted",26301.351,167536.386,Cocoa,Cocoa beans,6.369877577771575,2127400.0,34301.0318686594,0.07875170912851367,0.012363143273479364
2024,SVK,Slovakia,1806,Chocolate and other food preparations containing cocoa,62350861.174,418686527.517,Cocoa,Chocolate and cocoa preparations,6.715007934671321,5422069.0,25992.6748502048,77.21895968439354,11.499459186889728
2024,SVN,Slovenia,1806,Chocolate and other food preparations containing cocoa,24457243.189,177959725.589,Cocoa,Chocolate and cocoa preparations,7.276360798875319,2127400.0,34301.0318686594,83.65127648256086,11.496306848265489
2024,ESP,Spain,901,"Coffee, whether or not roasted or decaffeinated; husks and skins; coffee substitutes containing coffee in any proportion",,1791555468.76,Coffee,Coffee total,,48848840.0,35326.7683069278,36.67549667013587,
2024,ESP,Spain,1801,"Cocoa beans; whole or broken, raw or roasted",103985520.05,538209847.038,Cocoa,Cocoa beans,5.1758153133167895,48848840.0,35326.7683069278,11.017863413706445,2.128720355488482
2024,ESP,Spain,1806,Chocolate and other food preparations containing cocoa,,960198848.164,Cocoa,Chocolate and cocoa preparations,,48848840.0,35326.7683069278,19.656533259827665,
2024,SWE,Sweden,901,"Coffee, whether or not roasted or decaffeinated; husks and skins; coffee substitutes containing coffee in any proportion",108078592.202,599598729.037,Coffee,Coffee total,5.5478029165696725,10569709.0,57117.4877440616,56.72802619608543,10.225313885368084
2024,SWE,Sweden,1801,"Cocoa beans; whole or broken, raw or roasted",82613.696,696560.609,Cocoa,Cocoa beans,8.431539111868329,10569709.0,57117.4877440616,0.06590158811373142,0.007816080461628603
2024,SWE,Sweden,1806,Chocolate and other food preparations containing cocoa,80853019.611,569125787.407,Cocoa,Chocolate and cocoa preparations,7.039017097260901,10569709.0,57117.4877440616,53.8449816742353,7.649502896531967
